seller_key,seller_id,seller_zip_code_prefix,seller_city,seller_state,lat,lng
1,3442f8959a84dea7ee197c632cb2df15,13023,campinas,SP,-22.893317190455804,-47.060596205366885
2,d1b65fc7debc3361ea86b5f14c68d2e2,13844,mogi guacu,SP,-22.381828013486405,-46.94822435315409
3,ce3ad9de960102d0677a81f5d0bb7b2d,20031,rio de janeiro,RJ,-22.90944638719964,-43.18023952743163
4,c0f3eea2e14555b6faeea3dd58c1b1c3,4195,sao paulo,SP,-23.65711137374736,-46.61255565443634
5,51a04a8a6bdcb23deccc82b0b80742cf,12914,braganca paulista,SP,-22.96485705077535,-46.53408008397754
6,c240c4061717ac1806ae6ee72be3533b,20920,rio de janeiro,RJ,-22.89542015318976,-43.23034709706914
7,e49c26c3edfa46d227d5121a6b6e4d37,55325,brejao,PE,,
8,1b938a7ec6ac5061a66a3766e0e75f90,16304,penapolis,SP,-21.436868237358755,-50.07688367496227
9,768a86e36ad6aae3d03ee3c6433d61df,1529,sao paulo,SP,-23.56838237450652,-46.63441722731638
10,ccc4bbb5f32a6ab2b7066a4130f114e3,80310,curitiba,PR,-25.456890207293227,-49.309771575335844
11,8cb7c5ddf41f4d506eba76e9a4702a25,75110,anapolis,GO,-16.33411083162137,-48.94050973926072
12,a7a9b880c49781da66651ccf4ba9ac38,13530,itirapina,SP,-22.251861673447728,-47.813852095746974
13,8bd0f31cf0a614c658f6763bd02dea69,1222,sao paulo,SP,-23.54595761550723,-46.64950086074065
14,05a48cc8859962767935ab9087417fbb,5372,sao paulo,SP,-23.582442833300615,-46.76284862189659
15,7b8e8ec35bad4b0ef7e3963650b0a87b,88705,tubarao,SC,-28.47825867213469,-48.995800007093465
16,1444c08e64d55fb3c25f0f09c07ffcf2,42738,lauro de freitas,BA,-12.893814632133868,-38.33893569150663
17,166e8f1381e09651983c38b1f6f91c11,88780,imbituba,SC,-28.232438311255255,-48.68022343405556
18,e38db885400cd35c71dfd162f2c1dbcf,70740,brasilia,DF,-15.76837121663822,-47.89101786983668
19,d2e753bb80b7d4faa77483ed00edc8ca,45810,porto seguro,BA,-16.43232499979149,-39.0762041372904
20,f9ec7093df3a7b346b7bcf7864069ca3,5138,sao paulo,SP,-23.48492120993193,-46.73397150079088
21,4e6015589b781adaa5ce7f1892d06bb1,11440,guaruja,SP,-23.983360999182345,-46.24008107172215
22,4cf490a58259286ada5ba8525ba9e84a,14910,tabatinga,SP,-21.73706334787352,-48.68756876841966
23,f7496d659ca9fdaf323c0aae84176632,4156,sao paulo,SP,-23.632121593263317,-46.62243657685899
24,2ff97219cb8622eaf3cd89b7d9c09824,13320,salto,SP,-23.202662995615682,-47.29578408617384
25,8bd0e3abda539b9479c4b44a691be1ec,98910,tres de maio,RS,-27.776201085790955,-54.235535053991825
26,2a1348e9addc1af5aaa619b1a3679d6b,30494,belo horizonte,MG,-19.961548127759368,-43.96057568929279
27,2078fe5066350e7d220c0ad3a3bbc6c1,86707,arapongas,PR,-23.42476867030219,-51.43381503676828
28,116ccb1a1604bc88e4d234a8c23f33de,9850,sao bernardo do campo,SP,-23.725705063160987,-46.58185771007283
29,430315b7bb4b6e4b3c978f9dfa9b0558,4857,sao paulo,SP,-23.758050637439784,-46.688854008651646
30,406822777a0b9eb5c50e442dd4cd3ec5,18500,tatui,SP,,
31,4dbd95a08b31ede5c82d3f861cb1ce1a,80210,curitiba,PR,-25.440710888223585,-49.24556280243908
32,e9e446d01bd10a97a8ffcfc4a3a20cb2,2261,sao paulo,SP,-23.467372511682196,-46.57692511163323
33,d52cbce9845184537284a23c3bc3da0e,88495,garopaba,SC,-28.035429505504453,-48.627746848555816
34,d9a84e1403de8da0c3aa531d6d108ba6,3562,sao paulo,SP,-23.544886969205766,-46.496659439690646
35,9c690ceacd5c66731bf443ea810195cb,37650,camanducaia,MG,-22.755744824598306,-46.139547096377036
36,1f9ab4708f3056ede07124aad39a2554,17602,tupa,SP,-21.93063099014585,-50.49784701997453
37,1961c3e1272bfeceb05d0b78b5bbfdaf,7241,guarulhos,SP,-23.44594904509472,-46.42684053090227
38,d3e7d37c0df9aef383f3f2a15b0dddfb,83050,sao jose dos pinhais,PR,-25.499619452696322,-49.17707884158013
39,ec2e006556300a79a5a91e4876ab3a56,3445,sao paulo,SP,-23.548725069530875,-46.52875521981004
40,b2a6d334e2833acea353624840e25a0e,4133,sao paulo,SP,-23.619507886950025,-46.61863791192781
41,d3674f271c91f824f82d24d92011f669,72233,brasilia,DF,-15.84811496096398,-48.112617930849275
42,768de2a4fc06aacecb9a586ccc30746a,70645,brasilia,DF,-15.781830393220426,-47.93387023968693
43,a81466620e46a6970b22ef40379fdfc9,88730,sao ludgero,SC,-28.328913670959444,-49.17618761232856
44,5c030029b5916fed0986310385ec9009,88075,sao jose,SC,,
45,c0f783394e37cd9c9d7f5f81141450fa,13416,piracicaba,SP,-22.717046078978772,-47.64028299007764
46,c353f8fc0ce8344999f17d578eb69a5e,90850,porto alegre,RS,-30.066216605201816,-51.225582085787586
47,8444e55c1f13cd5c179851e5ca5ebd00,37584,congonhal,MG,-21.83936279474967,-45.61496356662735
48,28a26ebce31d5918b181ede016fd693b,31950,belo horizonte,MG,-19.867601122003006,-43.899454552007455
49,41ab63a91b8b264e8c8780368bf1dd5b,31555,belo horizonte,MG,-19.841326725265677,-43.97985453595453
50,8759e7aedd644f487315e5860962f162,9251,santo andre,SP,-23.630423546452988,-46.50736113251415
51,e546117ed9cafbc40239c0c78635c584,4705,sao paulo,SP,-23.62149777548123,-46.694834685759766
52,d71d863e5ef30d94e440c11be17dcd8f,6144,osasco,SP,-23.566868075187305,-46.80083878253548
53,0c7533c71df861ec58ad7ff999ed0e8d,13270,valinhos,SP,-22.975237608949396,-47.002177170435644
54,ef990a83bbea832f36ebe81376335aa8,89214,joinville,SC,-26.32835418026608,-48.88006606030897
55,41e0fa5761c886a630994a55c12087e7,11446,guaruja,SP,-23.943974988732368,-46.19489262171689
56,0747d5bb69f0586cc869d8af4c50f93e,28990,saquarema,RJ,-22.923310452060637,-42.50373552036917
57,7d294cf9a6a69dc6a0c3e540fff0e039,88390,barra velha,SC,-26.659851823909243,-48.68900082491744
58,c89cf7c468a48af70aada384e722f9e2,25730,petropolis,RJ,-22.418997217136315,-43.130792710369555
59,b7ba853e9551f4558440881fd3e5c815,95500,santo antonio da patrulha,RS,-29.8300238289102,-50.52019181088073
60,13c2ed7698b3ca92dad49e849219da59,84010,ponta grossa,PR,-25.09419479376675,-50.16095107518057
61,cbbd5ae8f53de5f5097cd8217b529e24,6544,santana de parnaiba,SP,-23.464114475023383,-46.84658977829263
62,02ecc2a19303f05e59ce133fd923fff7,9121,santo andre,SP,-23.681611393286104,-46.50118008597532
63,c013e57c075a06e5b5c48ee03c525719,13568,sao carlos,SP,-22.005763186975525,-47.855620543544035
64,55f7a3319d80f7fdf078b8f03e6725fe,6056,osasco,SP,-23.566955685986393,-46.788367270084976
65,2d50d6282f8aa2257819a77bfaa0efe0,14940,ibitinga,SP,-21.757225105309477,-48.82954113566027
66,b7e1750c1157341d2abd0251e07c186b,5741,sao paulo,SP,-23.610716314489373,-46.74788789266905
67,b90e891671cffd9557f33a97dc523645,83010,sao jose dos pinhais,PR,-25.542554560202504,-49.18227031520398
68,a416b6a846a11724393025641d4edd5e,3702,sao paulo,SP,-23.515891988156255,-46.54752258122931
69,7e93a43ef30c4f03f38b393420bc753a,6429,barueri,SP,-23.48985874683891,-46.95318164119193
70,5206cc4bc2297c833e6061c49bf9c43f,6192,osasco,SP,-23.52775069712352,-46.80206509671304
71,f410c8873029fcc3809b9df6d0b28914,95076,caxias do sul,SP,,
72,ef506c96320abeedfb894c34db06f478,3569,sao paulo,SP,-23.543143411858768,-46.490138111733394
73,a13aaf2d2886ab9fb30fb9a920160b8f,89207,joinville,SC,-26.322873156178794,-48.82978241448117
74,7299e27ed73d2ad986de7f7c77d919fa,38440,araguari,MG,-18.652750140819958,-48.19225417884324
75,8a9260f2b0340411d6d2a56bcf4f7378,32180,contagem,MG,-19.867847334430383,-44.03082447237009
76,dedcab67899479e4ea5dcc4eba47f587,89258,jaragua do sul,SC,-26.491538441739202,-49.0525822210583
77,b2479f944e1b90cf8a5de1bbfde284d6,14940,ibitinga,SP,-21.757225105309477,-48.82954113566027
78,7722b1df1b0e383e000397b2c11e3e19,9715,sao bernardo do campo,SP,-23.71518810408496,-46.545936424806605
79,731ef20c231d9a7103a425e83fd91271,88501,lages - sc,SC,,
80,78813699ffac347fe27dba345a5f1551,95711,bento goncalves,RS,,
81,3296662b1331dea51e744505065ae889,15805,catanduva,SP,-21.12269854089015,-48.96345173265747
82,411f3b52d857390502ee4e4d5ceabc2d,9400,ribeirao pires,SP,-23.711629491177572,-46.41240377359159
83,bba3293d6f5d5af2f415e004e8b93ae3,4726,sao paulo,SP,-23.636787761622976,-46.712347369157925
84,4e7c18b98d84e05cbae3ff0ff03846c2,14882,jaboticabal,SP,-21.24585439841629,-48.31802029773208
85,b56906f7fd1696e043f1bcce164c487b,19830,echapora,SP,-22.42996769973875,-50.205359500684644
86,d650b663c3b5f6fb392b6326366efa9a,6713,cotia,SP,-23.62696161519438,-46.86795965406048
87,669ae81880e08f269a64487cfb287169,89160,rio do sul,SC,-27.214976573187975,-49.63785341695686
88,c2d70ce2c5d0a2eb75e78668236e6dc8,4275,sao paulo,SP,-23.593782436927764,-46.6163687560303
89,674207551483fec113276b67b0d871ff,18040,sorocaba,SP,-23.50558801312256,-47.469820367393346
90,abe42c5d03695b4257b5c6cbf4e6784e,21235,rio de janeiro,RJ,-22.838041811091774,-43.3225010799997
91,1996942dc085d7773ba77a529b163cd0,14850,pradopolis,SP,-21.359603054951133,-48.07429596000015
92,79b93a308a97792cf53ac75f46da00b5,22420,rio de janeiro,RJ,-22.985270708968645,-43.204229732048276
93,7cf4ea70955b00d6b3c22542598e2715,1125,sao paulo,SP,-23.526918025769398,-46.640466978034304
94,63ffcb71394dd8ea3872ed9ffda17c74,24813,itaborai,RJ,-22.757591946370926,-42.88769778988366
95,83353a83fd769dfafa4f21a72b15e3e5,5786,sao paulo,SP,-23.634906462742958,-46.77217242295665
96,cda598c48d7c614bc1cad7d8ff6f0010,15137,mirassol,SP,-20.822551191718293,-49.49204269570385
97,d4910f1cdcfdabd48d6b316e395d4a23,9190,santo andre,SP,-23.675528470739895,-46.539092188250464
98,709e16e2b25c7474d980076c6bfc4806,16200,birigui,SP,-21.29514956103053,-50.34302941703419
99,9dc79dd988ac42f4d56c340d7048420a,3569,sao paulo,SP,-23.543143411858768,-46.490138111733394
100,276677b5d08786d5dce7c2149dcce48b,31730,belo horizonte,MG,-19.83665865816753,-43.9453425077265
101,9c4d31c7e46ab03a43fc06e3142afd4e,20785,rio de janeiro,RJ,-22.886244788124753,-43.26754294899786
102,512d298ac2a96d1931b6bd30aa21f61d,20060,rio de janeiro,RJ,-22.90779821623599,-43.243117441570796
103,422be4cc81a457fdb46f47edeb968ae5,14940,ibitinga,SP,-21.757225105309477,-48.82954113566027
104,99cd94252748d2bdde08e17858233602,12401,sao paulo,SP,,
105,698624c6632eeba1774924dbea24c700,1425,sao paulo,SP,-23.572833549902988,-46.65913941726721
106,8bb48dc19fccaa8613b6229bf7f452a2,19803,assis,SP,-22.675665412164474,-50.437699768191
107,ad87df7699e83b8a91822a4a0b765c3a,13820,jaguariuna,SP,-22.694436417211033,-46.98833786116593
108,d6b664fa0667064c6d76394e7848d790,14801,araraquara,SP,-21.79081912315189,-48.184614002408665
109,98f52e1020fe788c10c0418de4393fec,27963,macae,RJ,-22.3389438317778,-41.7558528992076
110,62760d278921b5f352461620d68a9cee,13320,salto,SP,-23.202662995615682,-47.29578408617384
111,eb72802c83dc7547529c9546d1a9b8ef,13504,rio claro,SP,-22.392217406389072,-47.578418519250064
112,3f9be91358837bff69df67edfa3e42e8,86039,londrina,PR,-23.321030637777863,-51.14176307883429
113,1d4587203296c8f4ad134dc286fa6db0,5101,sao paulo,SP,-23.504224059316698,-46.72791155879376
114,791cfcfe22fe4a771ece27f90017da92,14010,ribeirao preto,SP,-21.179728044300994,-47.808569828204064
115,392f7f2c797e4dc077e4311bde2ab8ce,21210,rio de janeiro,RN,,
116,0c8380b62e38e8a1e6adbeba7eb9688c,37410,tres coracoes,MG,-21.693351229048602,-45.25940943644632
117,37be5a7c751166fbc5f8ccba4119e043,4248,sao paulo,SP,-23.61232510386392,-46.59764618459611
118,87d73636a3acf123e842bb890a4db036,15190,nhandeara,SP,-20.693488565281623,-50.04261717535815
119,3d3ccf2b2f8134b10dce9dd446f0e075,14940,ibitinga,SP,-21.757225105309477,-48.82954113566027
120,e24d3429d294b2eb200b064ebb035879,3514,sao paulo,SP,-23.532707880462674,-46.515007021417325
121,44073f8b7e41514de3b7815dd0237f4f,71070,brasilia,DF,-15.838379990679504,-47.95319232116068
122,05ca864204d09595ae591b93ea9cf93d,6465,barueri,SP,-23.50398072643377,-46.840983806203525
123,9d39404483343dd55c7ae254494d8388,1044,sao paulo,SP,-23.545622892085554,-46.64144894036302
124,f9eda05b67bef472deaddbba84aca289,88870,orleans,SC,-28.358018902390246,-49.28832810730867
125,75745ef7bc7d4f3ea3380f6f5303f514,70384,brasilia,DF,-15.827692415784128,-47.92435900387927
126,0692610d8abe24f287e9fae90ea0bbee,2310,sao paulo,SP,-23.473110842240537,-46.60078259282495
127,7b07b3c7487f0ea825fc6df75abd658b,2016,sao paulo,SP,-23.50145800739884,-46.62881021209078
128,99002261c568a84cce14d43fcffb43ea,78095,cuiaba,MT,-15.660629585327506,-56.05252369062696
129,e5899683388855d3dabe8913bbe365de,13575,sao carlos,SP,-22.033535940867917,-47.909200632275486
130,784ba75dd9d20200c4caed3d7a77141a,1040,sao paulo,SP,-23.541085237536784,-46.63841835903311
131,099095b050cfe8eb1ddff5317587e96e,3322,sao paulo,SP,-23.548762721633512,-46.56655446472844
132,0ad80de75c811326389cfb1daba7d45e,20261,rio de janeiro,RJ,-22.92407937365451,-43.21379225353238
133,b9a03475e6447e631b6799ec8274800f,85830,formosa do oeste,PR,-24.29604466508284,-53.315138137206254
134,ba6b4a237f92479743cf0ca06b67a9ac,23550,rio de janeiro,RJ,-22.931006872545307,-43.689099106167085
135,ea00f977a203ff88adf7057cb7806998,11085,santos,SP,-23.939737532386214,-46.359325349826335
136,82e0a475a88cc9595229d8029273f045,3417,sao paulo,SP,-23.54016055987797,-46.5483030466631
137,ad75519a07f039025e83795a4418470f,76500,santa terezinha de goias,GO,-14.428805561848362,-49.711008207742665
138,34aefe746cd81b7f3b23253ea28bef39,81210,curitiba,PR,-25.444451769358118,-49.32794630681775
139,ed4acab38528488b65a9a9c603ff024a,8260,sao paulo,SP,-23.568716843792632,-46.438367151319746
140,f0837c8d71434931d9e38e7b79234797,95995,arvorezinha,RS,-28.871521064173052,-52.180098190846316
141,fce62094ffe6a4009188ec44e681dfdd,4674,sao paulo,SP,-23.66410368119657,-46.68716207073742
142,ebef8d8c92b4fd3226e5d407bbff21ac,14020,ribeirao preto,SP,-21.2003057274864,-47.80256738061809
143,d73cbd89533ce8b041a9190241453ac8,36525,guiricema,MG,-21.00466750894162,-42.71946285802102
144,75a4764c108403a7a0575140cb22287c,95072,caxias do sul,RS,-29.173485938723662,-51.151005151231054
145,70c0fda4c313d87115644d39e62eec60,55004,caruaru,PE,-8.285099800760587,-35.97075615496189
146,ffcfefa19b08742c5d315f2791395ee5,80045,curitiba,PR,-25.42462684918724,-49.25382259847708
147,26e13b6ff5b641b329e5524241ee2c93,14401,franca,SP,-20.528262370114636,-47.38709863765947
148,0ade5cc4a305ed7093a23f68ca47519c,81030,curitiba,PR,-25.484013528894824,-49.272425378198484
149,fc59392d66ef99377e50356ee4f3b4e1,40243,salvador,BA,-12.976903537184441,-38.49640767059304
150,b18dc380845b24038cfc48006478f099,9951,diadema,SP,-23.68878343738478,-46.59061205890815
151,f22a247b79dd22ecd91dc8e3b2a1b07c,8573,itaquaquecetuba,SP,-23.49188115637391,-46.35030865573543
152,889009a0ed0bb52c87819941192931b8,18682,lencois paulista,SP,-22.609429579073687,-48.79641907121717
153,ffc470761de7d0232558ba5e786e57b7,7091,guarulhos,SP,-23.46435546763849,-46.53785009179902
154,4c498c7345e89aebad651544829beca0,6341,carapicuiba,SP,-23.572512867924605,-46.819261861618564
155,01bcc9d254a0143f0ce9791b960b2a47,76400,uruacu,GO,-14.521762863477235,-49.143007266567
156,f021c962aaba8ef6eb527a9c2c8394d1,88301,itajai,SC,-26.9115588891599,-48.65659341096186
157,024b564ae893ce8e9bfa02c10a401ece,3280,sao paulo,SP,-23.58315845444506,-46.538070627858936
158,a513150f33f99a06569e9cd5c4bb889b,1545,sao paulo,SP,-23.580529891151247,-46.61889914345089
159,c1dde11f12d05c478f5de2d7319ad3b2,1026,sao paulo,SP,-23.539650455772748,-46.63217613622506
160,02f5837340d7eb4f653d676c7256523a,80620,curitiba,PR,-25.459160510194007,-49.284315543597536
161,7b98de631987e26dd6d803490c43a13c,87900,loanda,PR,-22.92958347247877,-53.13574977982756
162,f12ff17ad8bbf01ec5c33b17e506649b,3186,sao paulo,SP,-23.565769132140986,-46.58126659749411
163,a64e44665225d19dfc0277eeeaaccc57,19400,sao paulo,SP,,
164,6a8a889bde935bafa76d7848782dfaf9,2839,sao paulo,SP,-23.477930147489534,-46.682875772700214
165,42b6488f5b8246d9141712abd4b1b693,87014,maringa,PR,-23.429210718640334,-51.94819553853382
166,d6cd01c59123df02fc226eadbadb5f89,1207,sao paulo,SP,-23.539078844146324,-46.63872071940612
167,c8e135e7b21ecbc36c1153a29d2f5a06,1411,sao paulo,SP,-23.56492605358704,-46.66445392438563
168,229c3efbfb0ea2058de4ccdfbc3d784a,30190,belo horizonte,MG,-19.924775965269745,-43.946945168821436
169,f9a02f1922d1de564392e656d82b3fda,8502,ferraz de vasconcelos,SP,-23.539589435180513,-46.35860211220289
170,9523fb39dd240aa958e040f8183d64f3,1541,sao paulo,SP,-23.569576854136365,-46.618377586571505
171,95ec4458365c4d11f452ccf538377619,13481,limeira,SP,-22.600556474252752,-47.40776690336797
172,6ec1a01e866584bb679eb9b098345919,11040,santos,SP,-23.972012439908767,-46.31432698362778
173,f6122bc84774df1b372bdb3bb88ddb9f,6436,barueri,SP,-23.53766312144032,-46.888915425858386
174,fa40cc5b934574b62717c68f3d678b6d,2310,sao paulo,SP,-23.473110842240537,-46.60078259282495
175,623ad9d0c1e14bb5464a8c72bff7b4af,35530,claudio,MG,-20.437920263491275,-44.76330196586492
176,c0098efcf800861dcae589affca31408,14080,ribeirao preto,SP,-21.15577221539938,-47.803224921145556
177,a63bfbaa882c8f4542891b4e2246cc7f,24355,niteroi,RJ,-22.941617538842337,-43.04381833651611
178,48b6c3f4c6a93171da04b75313f2130f,17700,osvaldo cruz,SP,-21.7957025544846,-50.87915583052284
179,270d3ef21830ad0ecf3a6c53d08a533a,6380,carapicuiba,SP,-23.540845820323508,-46.83743716534804
180,89c127985a8b130cfa45c1d36764017a,6016,osasco,SP,-23.53284541350734,-46.7797198187354
181,8b2492b7ff4468839593fafeed55bad9,24451,sao goncalo,RJ,-22.831525158643018,-43.015381374110994
182,1e9d5a33694bddb76316fd1f54734d20,78820,jaciara,MT,-15.95937534772296,-54.9710076281593
183,5e49e3a44bdeb5aab2684258bbd4f525,88330,balenario camboriu,SC,,
184,8e34331b7eedd03be4e5d965c1956225,4009,sao paulo,SP,-23.5878729370433,-46.63647923774087
185,aaed1309374718fdd995ee4c58c9dfcd,89120,timbo,SC,-26.826359244887218,-49.270625132685176
186,11d4c477d09821164bca4f70a2eae031,14075,ribeirao preto,SP,-21.140480447590075,-47.791336377389385
187,ff314fa6033cc68ec451c47aee2d6ba4,5424,sao paulo,SP,-23.56908297225686,-46.697703396131644
188,d1c7fa84e48cfa21a0e595167c1c500e,99730,jacutinga,RS,-27.728907466185678,-52.5361282897098
189,c7246702dc991a06d788120dc7544391,60440,fortaleza,CE,-3.758769192984031,-38.567625532827435
190,e819bcfade7b5d88a27325eb6cfd62c5,7242,guarulhos,SP,-23.439511515770263,-46.42206235799992
191,6d2f2e3b539480db1e0842b3a4e32e6e,7051,guarulhos,SP,-23.468252112713323,-46.551221208831066
192,e88165a185134e13fdfc85d4fa654db8,8517,ferraz de  vasconcelos,SP,,
193,9e6229250fedbe05838fef417b74e7fb,16800,mirandopolis,SP,-21.131247997381305,-51.10292537911958
194,5abb8ea023c77787f2c15da891c8d384,89228,joinville,SC,-26.28029376418527,-48.795939733555265
195,1d953075c2f0dd990bacf27b83b330f1,30421,belo horizonte,MG,-19.937081168456363,-43.976330584754095
196,817245bcc3badd82bbd222e0366951a6,17056,bauru,SP,-22.353734973383137,-49.101402852523776
197,caa9bc43a9fe8cf9c564ddd8a03cc4a6,12308,jacarei,SP,-23.303988636373703,-45.96290537909097
198,615005a3ef192c00c6f0e977cee3d2bc,13304,itu,SP,-23.275618816991948,-47.276416188981514
199,1284de4ae8aa26997e748c851557cf0e,85301,laranjeiras do sul,SP,,
200,5fd924b4836098a5be0ecf81ba054ce0,3554,sao paulo,SP,-23.538063326257223,-46.50659655207285
201,7178f9f4dd81dcef02f62acdf8151e01,89560,videira,SC,-27.004522453378566,-51.152808530844105
202,8132b9bd16876e1b0f8808d43825dd48,88058,florianopolis,SC,-27.44371623384887,-48.40131742792339
203,3f995f07c49d0d55a99d5c54957f7d81,6853,itapecerica da serra,SP,-23.69078071512126,-46.85555360684095
204,a6bd7d1ccdac48c6b33b28596b7eb122,58280,mamanguape,PB,-6.8372713121932085,-35.127268944459026
205,6650fcccd8cd2f7e55ffa524f30c4c59,8490,sao paulo,SP,-23.569432719772774,-46.421037165952505
206,3db66a856d18a9cba7c9241fc5221c50,35430,ponte nova,MG,-20.41022536716159,-42.8993095333992
207,8b181ee5518df84f18f4e1a43fe07923,87360,goioere,SP,,
208,10ff823eda2b032e2c93d17a7d294736,17280,pederneiras,SP,-22.347656923428968,-48.78445709494656
209,b4a476fbd28de64b1e347abf9089366a,6653,itapevi,SP,-23.54692116843475,-46.92972402735391
210,39c763cca83e654764b7a4a650fb9b7c,74563,goiania,GO,-16.65154566750506,-49.26795105386152
211,dadc51ef321949ec9a3ab25cd902e23d,4821,sao paulo,SP,-23.725520770740392,-46.68751211372143
212,83b08de96980757220871b31bf6cffca,21820,rio de janeiro,RJ,-22.881824746585092,-43.468465284305736
213,14a08204d03bb6b6bde8029f801ae0eb,1026,sao paulo,SP,-23.539650455772748,-46.63217613622506
214,bee36b4f9a2b9fdcaff6ec05df202ed0,3308,sao paulo,SP,-23.541589540438878,-46.57153526761467
215,28872dc528e978a639754bc8c2ce5a4c,95070,caxias do sul,RS,-29.167561635074183,-51.154909284680265
216,c85d7b477a709c85a1e8b8f25aa1b270,9640,sao bernardo do campo,SP,-23.656977212350355,-46.57489298649162
217,739c7d7be81f63812dea0d1b1451c651,58400,campina grande,PB,-7.219289067751179,-35.89080712379333
218,657969cca82e884d272385ec0ef06edd,93608,estancia velha,RS,-28.455579879189802,-50.23598069463291
219,455befea1bb853c75ccbca94cff26e5c,27525,resende,RJ,-22.47900350045059,-44.49745094177866
220,800214c63934acd05d47e84214db8ba8,89251,jaragua do sul,SC,-26.487423066285714,-49.080731966886276
221,5cf1ec37aea089f45110c70653a166ab,2215,sao paulo,SP,-23.49120819109078,-46.58351234462944
222,0a82f5fb06a4fe4ac2cf7cb412ec71b8,5524,sao paulo,SP,-23.597062656789557,-46.74257117767155
223,e45edf75f568ed2f93f78d060e246e25,22790,rio de janeiro,RJ,-23.013945234739644,-43.46302017493874
224,3d621842b2ed28e2b474132480edac3c,8041,sao paulo,SP,-23.515063523479874,-46.43996607919537
225,baf15155e37ef5492731459bdc05be8a,5715,sao paulo,SP,-23.629016455152943,-46.732074017092586
226,c0aff2da32c17759d30b22fb0af6649d,88032,florianopolis,SC,-27.547078743041258,-48.49782582040817
227,a17f621c590ea0fab3d5d883e1630ec6,18055,sorocaba,SP,-23.498785561398716,-47.50005588002265
228,4deebb3199eeafb282ae33229144f94b,2112,sao paulo,SP,-23.519415633328116,-46.59183884728751
229,9d69ba0a7a626a64dc5db08e529559cf,14075,ribeirao preto,SP,-21.140480447590075,-47.791336377389385
230,f92d8c817434bd2d84d4e9c61322b7fa,18048,sorocaba,SP,-23.536047094959013,-47.469335940300226
231,8ca5b19e0263150d2c57afdde2b3d011,9336,maua,SP,-23.663212563450806,-46.415286664885194
232,eec3469d83e142f9a104886655338c37,17030,bauru,SP,-22.321734562254253,-49.045943797566764
233,55bb6fe5bebe5012e2d7d9928e1128ff,17052,bauru,SP,-22.341183963959992,-49.09523560810242
234,d180e07dc1e58c31c3f0cd599dc4d945,30620,belo horizonte,MG,-19.9837012010167,-44.001532164648324
235,d6b1ce66b035a475f00c017792ff9769,13327,salto,SP,-23.179436597967328,-47.313120341199365
236,3aa3c89ae3cd482385568be76120f63c,74343,goiania,GO,-16.73553802569952,-49.302738090001675
237,fe4cd9461203cee790d36792420b310f,35300,caratinga,MG,-19.78738795738488,-42.13914525157762
238,c3aad7dc65449ae90a5e9c3c6c1e78e0,15350,auriflama/sp,SP,,
239,f5fea3ffed6c2e889bab72705557c63a,21240,rio de janeiro,RJ,-22.81150579813459,-43.32658130224651
240,ececbfcff9804a2d6b40f589df8eef2b,14407,franca,SP,-20.496383248420045,-47.41802549654823
241,a254c682cc01e119f83530446f1df9a9,16500,cafelandia,SP,-21.804909632167895,-49.603755720307745
242,830379336fad8c6f3b15a4a3ddb5c66e,2518,sao paulo,SP,-23.50959321425571,-46.66675486211566
243,7d13fca15225358621be4086e1eb0964,14050,ribeirao preto,SP,-21.17296091786969,-47.82265435653519
244,1b4c3a6f53068f0b6944d2d005c9fc89,88730,sao ludgero,SC,-28.328913670959444,-49.17618761232856
245,b92e3c8f9738272ff7c59e111e108d7c,36502,uba,MG,-21.12579540757682,-42.92626728543971
246,b8555308bfdb4ca1ed54325a58da9a97,9751,sao bernardo do campo,SP,-23.691163785820873,-46.54398066829753
247,71593c7413973a1e160057b80d4958f6,3407,sao paulo / sao paulo,SP,,
248,1dc2de47ee26a0a5b12dc14fd6dc0dea,14940,ibitinga,SP,-21.757225105309477,-48.82954113566027
249,6c6e3d67f969468f3bfd33f827a31222,87035,maringa,PR,-23.387618063361252,-51.90809845489071
250,66d5ae34537110d3affc56174dad2b2f,15062,sao jose do rio preto,SP,-20.823451835062883,-49.34436793522842
251,781a66c0d89e30814d49fe8b5e14cd07,13064,campinas,SP,-22.896740934214222,-47.0692730436033
252,a4bd6e9adf39b63f43dc545d3ca1f53d,21020,rio de janeiro,RJ,-22.834410685901656,-43.2768594171534
253,f88adb15807168d3c43d71021090ce4a,13660,porto ferreira,SP,-21.867396479393847,-47.47862930181371
254,fa8d335d68129e464e60c1826a683e96,95660,tres coroas,RS,-29.510450343169488,-50.78162026920546
255,f12d3c2a14729ae461b920c11fe20fdc,9080,santo andre,SP,-23.6406370302489,-46.54198206645514
256,4917cee8d902e13428c3ec4b1ca6f315,89031,blumenau,SC,-26.888718831182473,-49.10205768057602
257,741f8c587cb4248ebc5b779a0e8e0e51,9110,santo andre,SP,-23.670768199561508,-46.5054975578457
258,4bcec44888b30ba9001234c534716d3f,9230,santo andre,SP,-23.620944796095696,-46.527531775911626
259,a663d9c3797e90eac99ff60939416a56,3951,sao paulo,SP,-23.58762078921071,-46.488470812002504
260,dff87e4de60c9736ce8df835951b09bc,3172,sao paulo,SP,-23.55275293444878,-46.58522657457923
261,ac1ed5fc15901fbc92920361eb4ab350,3334,sao paulo,SP,-23.55360429648508,-46.572699909977054
262,f9903dd0f812c7e771fcad47b6fff231,89070,blumenau,SC,-26.87309860497838,-49.1279113740989
263,ac9b01377919cdbd2a1bbb8d5837c70b,8773,mogi das cruzes,SP,-23.514441607948818,-46.1923505919337
264,5011f0d93373a4c5753adf58ca77af8d,11013,santos,SP,-23.938839327667406,-46.326237431738484
265,a4e634166243bbb3a13fa584463fa468,6286,osasco,SP,-23.506521243524876,-46.77190834208786
266,50bf89f1349bc0409a268c3a49678009,15155,jaci,SP,-20.884314634454388,-49.57184637092642
267,50c9975695009e5e6473912e83a6d1da,35530,claudio,MG,-20.437920263491275,-44.76330196586492
268,42d4b7e70819438f5ada61c965e92d7e,74045,goiania,GO,-16.6666649170733,-49.263651018174976
269,7aa4334be125fcdd2ba64b3180029f14,18500,laranjal paulista,SP,-23.049655735476897,-47.83730315679704
270,b14db04aa7881970e83ffa9426897925,18048,sorocaba,SP,-23.536047094959013,-47.469335940300226
271,fac1a9017ade7bdc94058fc1c969f355,1126,sao paulo,SP,-23.5274447761913,-46.639748375038806
272,31ae0774c17fabd06ff707cc5bde005f,13478,americana,SP,-22.74359315006338,-47.31168498599425
273,f0ec6a2adb05c62655a26dd347b8dede,1303,sao paulo,SP,-23.5492342160911,-46.64880111930289
274,cc1f04647be106ba74e62b21f358af25,2739,sao paulo,SP,-23.480304171310166,-46.68283097435832
275,1099a00e0ee3a50935e6c2447ca090c5,20921,rio de janeiro,RJ,-22.89385249520869,-43.23782675324429
276,3d700782d7818f2c1e0d7a9e9d75fc00,86170,sertanopolis,SP,,
277,a3e9a2c700480d9bb01fba070ba80a0e,14940,ibitinga,SP,-21.757225105309477,-48.82954113566027
278,c3f5668699a1b04c0fa61ecea1e2bff6,86808,apucarana,PR,-23.554636656782165,-51.45024532355799
279,80f2cf9abf6b5a0e5c612b5eea6646e6,15046,sao jose do rio preto,SP,-20.76770127152814,-49.38807187582841
280,516e7738bd8f735ac19a010ee5450d8d,22230,rio de janeiro,RJ,-22.9370497358051,-43.17695405372256
281,4fe2f67634d00c021aa01f96b6f2d68e,87035,maringa,PR,-23.387618063361252,-51.90809845489071
282,9f505651f4a6abe901a56cdc21508025,4102,sao paulo,SP,-23.58753824669612,-46.63446789383919
283,17adeba047385fb0c67d8e90b4296d21,7052,guarulhos,SP,-23.47244018174114,-46.554128470589184
284,7142540dd4c91e2237acb7e911c4eba2,16301,penapolis,SP,-21.426733169565917,-50.06510992447694
285,c04d70d515d15a7e3db3a73320598566,24020,niteroi,RJ,-22.893526345367377,-43.12042124242032
286,a3a38f4affed601eb87a97788c949667,89204,joinville,SC,-26.287478057738657,-48.85194231624136
287,744dac408745240a2c2528fb1b6028f3,83408,colombo,PR,-25.36831577022268,-49.18400502665359
288,9b013e03b2ab786505a1d3b5c0756754,11450,vicente de carvalho,SP,,
289,8b9d6eec4a7eb7d0f9d579ce0b38324d,26562,mesquita,RJ,-22.770335287304935,-43.42236114675775
290,38e679b9e0064cd94c6f035707344dae,86010,londrina,PR,-23.31838335948797,-51.156971259797714
291,5444b12c82f21c923f2639ebc722c1ea,2051,sao pauo,SP,,
292,83deb69e889cf80f82be1dc6d5f2d486,88056,florianopolis,SC,-27.418282116819512,-48.42699434186144
293,54aa8463e87776b5612f4bdc4bd5d4de,30550,belo horizonte,MG,-19.943798470635855,-43.981911095468924
294,2e7ea2aafec5835e781b21d6d1faf1f1,2820,sao paulo,SP,-23.455529987168802,-46.70782622188876
295,79ebd9a61bac3eaf882805ed4ecfa12a,85802,cascavel,PR,-24.96613120401719,-53.46640853099326
296,1cbd50a8c52e6cf8e315c5709fab386f,83830,fazenda rio grande,PR,-25.6736914291033,-49.32808959192936
297,e503f22be6a4f456d9851920a5d9c670,4508,sao paulo,SP,-23.589323476884744,-46.669041019162876
298,88af55b4a7ca402b27df16f7c7c9b5d2,6775,taboao da serra,SP,-23.636614228738658,-46.7943793786477
299,5f3ae9136c875522250f8184f253413a,1550,sao paulo,SP,-23.57333596979514,-46.61612024915995
300,b026643914f651e8371425e5b8a1e780,22783,rio de janeiro,RJ,-22.984040501861816,-43.45261875788073
301,26af45f5dfd967225a832838aa4e24a3,81070,curitiba,PR,-25.482961231196978,-49.30348234969548
302,9dd459b29a14bf89d47183cf2cd0e4c7,4716,sao paulo,SP,-23.63299286426124,-46.702637730282206
303,8e6d7754bc7e0f22c96d255ebda59eba,12233,sao jose dos campos,SP,-23.247052913642314,-45.88775468357955
304,e250d617a0ad591ba9bd663e584a895d,7084,guarulhos,SP,-23.429453011960295,-46.54951006386265
305,92c8bc6e8f925792247656fed09aad65,3384,sao paulo,SP,-23.57795508270845,-46.52279215131055
306,e53d5b9b29d1218281f4a907ada18626,85903,toledo,PR,-24.71815998440573,-53.75893560892213
307,3ca08eeb8d5595949fed424bd3677742,82510,curitiba,PR,-25.40013436713462,-49.24053602350563
308,cbd996ad3c1b7dc71fd0e5f5df9087e2,15081,sao jose do rio preto,SP,-20.84489393342135,-49.36235850038291
309,8daab2245ebdc277c51098d01c5ad8ef,8411,sao paulo,SP,-23.55417094689908,-46.412372211535995
310,15b3b1b81484422eb41df68ac87f1f50,17047,bauru,SP,-22.338163676937604,-49.04305652294653
311,e067ad2c1c0b48758eb1b5228bcf7a68,11045,santos,SP,-23.96938465133072,-46.322354092828554
312,f626e15b7314c267e4429010866f70e9,85960,marechal candido rondon,SP,,
313,f1fd5ab1181f827ffad998c1a5de7d74,80010,curitiba,PR,-25.433877726445818,-49.269706605651876
314,a7c88262832dfc683781d6a421edefae,8710,mogi das cruzes,SP,-23.522632291585587,-46.19590510039435
315,6b1c4d4d9ccf0be3d8544eb0e71e5318,91130,porto alegre,RS,-30.004493465255365,-51.130924034413766
316,4e85b538b0dad58852641540686d0e14,12238,sao jose dos campos,SP,-23.25711207430019,-45.91856224397398
317,093805f8f2aeb63881444571e1f48f30,6236,osasco,SP,-23.51054231146539,-46.788394510215014
318,5acd070dd3fe441bbb2ec1f1ede515ee,13203,jundiai,SP,-23.21528289883722,-46.859872125258576
319,3c010235b7345c92f125d14ee232a76b,83800,mandirituba,PR,-25.771004520390672,-49.32500627915659
320,cb9fb4ca75d7ba8437480e8dde64fe98,3551,sao paulo,SP,-23.533401684806314,-46.50346303917417
321,ce33c6211beaa8fef4cae8b52db39862,8655,suzano,SP,-23.5925815695749,-46.30493035464884
322,081acf3de680d554796c9cf041be7bc2,33200,vespasiano,MG,-19.731554074423343,-43.94211979895807
323,6989574bd97d9773f10d232b6c07da59,80040,curitiba,PR,-25.41822522296414,-49.248798846155545
324,535bf14f36346c7f59d87cece104d70c,20735,rio de janeiro,RJ,-22.90043176481759,-43.28645639702027
325,8501d82f68d23148b6d78bb7c4a42037,89031,blumenau,SC,-26.888718831182473,-49.10205768057602
326,7f02656561b680def9986c0795a8a080,1417,sao paulo,SP,-23.54954541728275,-46.62511233702192
327,57a834594e1e9e9219603bfec184eadc,98780,santa rosa,RS,-27.96600257421719,-54.386384964062046
328,8fd3b4468f6425810648177996c14cbd,15015,sao jose do rio preto,SP,-20.821099856901526,-49.37219661471447
329,6d803cb79cc31c41c4c789a75933b3c7,14600,sao joaquim da barra,SP,-20.586196378400185,-47.86375669340351
330,5f2684dab12e59f83bef73ae57724e45,5125,sao paulo,SP,-23.50297697476276,-46.738822309966224
331,713e3a23ca5e47786eb6f0d99f94cfac,81050,curitiba,PR,-25.490156819212228,-49.3022318506541
332,f97e2b0650c2068227e1d366140eb62f,13830,santo antonio de posse,SP,-22.60560601410323,-46.92062593390875
333,8b321bb669392f5163d04c59e235e066,1212,sao paulo,SP,-23.539205180127134,-46.639872610943414
334,32f83ffe11cd40f7adcf4eef171f52d9,97502,uruguaiana,RS,-29.762808673096263,-57.07894480227176
335,76d64c4aca3a7baf218bf93ef7fa768d,80215,curitiba,PR,-25.44918015206459,-49.25390775475063
336,d06d019f72a04e5497a0b64190af170c,6703,cotia,SP,-23.596649143666884,-46.91176581659948
337,ec80e49e69745ab6c14f984bf2149423,13480,limeira,SP,-22.5707186648412,-47.403071398313244
338,f8f35af4634605e6693c17cc3ffff5a8,37400,campanha,MG,-21.834693310992467,-45.40185565708099
339,004c9cd9d87a3c30c522c48c4fc07416,14940,ibitinga,SP,-21.757225105309477,-48.82954113566027
340,3bdff180c7e1f6551a643b99c265a120,4811,sao paulo,SP,-23.710440438509004,-46.693184320650836
341,6b89abe95848c850399130d149a39b63,75640,piracanjuba,GO,-17.303261316453252,-49.02591416605261
342,aced59e9b31ef866a94f9e7f29d8d418,3306,sao paulo,SP,-23.54509363468721,-46.57552831123871
343,b4f8921fcc4ff77b66bea6dda43dcd51,95034,caxias do sul,RS,-29.15972783381178,-51.189082727456594
344,d2572f31e9023e9850ef986a636ff9bf,30640,belo horizonte,MG,-19.977613208619296,-44.02094811891251
345,c731d18cea9bf687ffee82a241c25b11,89701,concordia,SC,-27.219890754066473,-52.023053274813606
346,3dc69bf2c42f0568a5c4791ec3fd3745,2880,sao paulo,SP,-23.466692273787523,-46.67239308058563
347,d8d9567d0bfb0bc7eb845a205ba42657,3688,sao paulo,SP,-23.528699341413535,-46.48470692003487
348,0daf5180aa44356f60f8effa533b55a2,74043,goiania,GO,-16.67492870501416,-49.25950868175658
349,5194c22ed1f616ec0c0f33c571542879,37540,santa rita do sapucai,MG,-22.246571164306314,-45.70673437941273
350,fe8055980a4ff7f64ed889c2b5926929,81925,curitiba,PR,-25.548074628395344,-49.26593987434369
351,c42fd8e4d47dfb18ce5222f2dd7752f9,6246,osasco,SP,-23.498811992026344,-46.807021394665234
352,671585f5a2af58b6e276bc01003c0d2b,80510,curitiba,PR,-25.422053860976863,-49.27879345316824
353,2dd1fb6f0e42a2243b8a01e40cd41216,80240,curitiba,PR,-25.44914567554983,-49.288997409813966
354,a7c53f6b3b61adbdaa99dda97e8cbd56,14780,barretos,SP,-20.555882958559977,-48.57211600614924
355,a11a0e0ca67423425691db355cff69b0,13330,indaiatuba,SP,-23.08584137431789,-47.21665233680304
356,5bffbafbb22daf6d3bfc216a46db8708,26525,nilopolis,RJ,-22.805641690792694,-43.42314445871994
357,fc0b214b59a83615fea981c6424a02ae,9380,maua,SP,-23.641176434919497,-46.47785126527046
358,011b0eaba87386a2ae96a7d32bb531d1,17580,pompeia,SP,-22.103580419439698,-50.17867874736704
359,43753b27d77860f1654aa72e251a7878,44895,barro alto,BA,-11.76948844484253,-41.90185348124609
360,822b63912576852aea9a8436d72317b7,13840,mogi guacu,SP,-22.3655597541927,-46.9377764567251
361,a3fa18b3f688ec0fca3eb8bfcbd2d5b3,4557,são paulo,SP,,
362,5587130f9850696ed7fafbc91c2cee44,4311,sao paulo,SP,-23.632712776420824,-46.63756478622193
363,9c1c0c36cd23c20897e473901a8fb149,11702,praia grande,SP,-24.014083476705014,-46.43783704375947
364,34a557286ead8fe75c989e0afcf7d98c,14406,franca,SP,-20.53539287198547,-47.435349149812716
365,c716e0b86ed568878475b60fbb6323ad,22783,rio de janeiro,SP,,
366,455c5640e8c5bd1b2ee85c0158f85727,89128,luiz alves,SC,-26.719187816074044,-49.00615846981194
367,87d30a6a0cbf89356e49324971ab1d24,2036,sao paulo,SP,-23.501589536460344,-46.62070876302824
368,217f005bb37ff3aeef5b2ae1788e75ba,6038,osasco,SP,-23.56559062432993,-46.77832542548181
369,cac4e0bc1a3269fa2b6ea5e763f6115b,88351,brusque,SC,-27.085214555141466,-48.91826769450689
370,8ec76bb0965af3f007692b26fa9d6623,88804,criciuma,SC,-28.69130644936912,-49.38691492001127
371,aba1721a889e04decc910aa13b768ef4,5729,sao paulo,SP,-23.632958773126067,-46.728532606389955
372,7238f877570096ae403c51898fa64566,6519,santana de parnaiba,SP,-23.49113128634176,-46.96327102706612
373,044668ccd5316b12a7cf0d54a156e3e9,6016,osasco,SP,-23.53284541350734,-46.7797198187354
374,643c01d7c56a724bec0454f4780e8a3e,89222,joinville,SC,-26.26761506830112,-48.84482888629551
375,cab85505710c7cb9b720bceb52b01cee,2252,sao paulo,SP,-23.478883251300413,-46.588328288956376
376,312ba1d77e9c332ef21f9598b7f64cd7,7179,guarulhos,SP,-23.40390259566949,-46.41897149492989
377,8c3b533c63cca56240f94f1e3a6b18ef,31050,belo horizonte,MG,-19.8984111351586,-43.89523769392247
378,1fdc574883ef3b33ad41562d93f3a74a,13480,limeira,SP,-22.5707186648412,-47.403071398313244
379,9a03a4e9eb0b947652fae4f6121a3f5e,15805,catanduva,SP,-21.12269854089015,-48.96345173265747
380,33cbda8716511e27e556dff9d8418bf2,89052,blumenau,SC,-26.890856861277637,-49.074124772118324
381,6cd68b3ed6d59aaa9fece558ad360c0a,31255,belo horizonte,MG,-19.86963430072193,-43.950959989265286
382,3df020b72d3d44b3af9d110fa3940b65,15704,jales,SP,-20.2804372171987,-50.55141565170161
383,537eb890efff034a88679788b647c564,20270,rio de janeiro,RJ,-22.916232605802424,-43.21819999533926
384,89de2d6f23e9746ff309705b23581faa,86060,londrina,PR,-23.3122499402154,-51.175615181435674
385,c611f4ce9ce875bcc063fa97fd4d7d12,12944,atibaia,SP,-23.10975361517794,-46.55537261463067
386,4be2e7f96b4fd749d52dff41f80e39dd,69900,rio branco,AC,-9.966664350463741,-67.81379029145046
387,3bfba5a77604f6dfae7e6dd7aaf65821,86046,londrina,PR,-23.34741483978174,-51.14823394219773
388,48fb026ed7455a42f5d3e9390ed5088e,27321,barra mansa,RJ,-22.52448809097114,-44.18396243189698
389,0d33a55da925bbf1ff02af5f6059fc7f,5632,sao paulo,SP,-23.600057780043567,-46.73501645118044
390,cea729054f157f5870bdd321a958d994,3161,sao paulo,SP,-23.576991010058578,-46.563497879758536
391,955fee9216a65b617aa5c0531780ce60,4782,sao paulo,SP,-23.690880356840243,-46.70372093044496
392,0f0c984a4a955310903b6b6008660bad,14403,franca,SP,-20.55365116643561,-47.38714520441383
393,f805b96fa705ba7995a221f1749dc141,87013,maringa,PR,-23.422673496778934,-51.93830505084821
394,751bdc4d83a466c7206cd42e8f426b03,9405,ribeirao pires,SP,-23.700695000321453,-46.40372567312459
395,2f4b0d3b9634b647d4edee577d7ebb7e,2310,sao paulo,SP,-23.473110842240537,-46.60078259282495
396,ba5daa4041e1f15cdf34b76e3e18a450,4363,sao paulo,SP,-23.646962156792735,-46.66668308353208
397,6e386f64c84e482f0b9abf960797ee1b,1539,sao paulo,SP,-23.570623569248077,-46.62038109655619
398,83c465a786b06574376909b35ef6752a,13560,sao carlos,SP,-22.014982492231976,-47.8898531792727
399,d93b8458c6fe139d85cfa5eadbf55bd2,2238,sao paulo,SP,-23.47086346253163,-46.57143643746261
400,71592660bbcb6a4664e97b6f8b68babc,15055,sao jose do rio preto,SP,-20.79459985083278,-49.36490474869798
401,6a53b90c3ad9e0b56d9fe5c69165fff5,82220,curitiba,PR,-25.364731679526383,-49.268519369875435
402,38f276ca6e7cc95a6d1bb55ac9e5550f,17520,marilia,SP,-22.239259689108113,-49.924794861340615
403,eae9af4811c294c56795d70e715b7337,3060,sao paulo,SP,-23.53855744331035,-46.58665967606261
404,039b29ff3b3473435d0cd59040575de9,9443,ribeirao pires,SP,-23.679658441643085,-46.34818932650722
405,ac51cac5e20d69ff485a54746488ef48,14096,ribeirao preto,SP,-21.20253730501825,-47.77767099981078
406,4221a7df464f1fe2955934e30ff3a5a1,48602,bahia,BA,,
407,48e954b2da4f6a750c844173b347ed40,91740,porto alegre,RS,-30.10728953239113,-51.22098885050719
408,fc4751cfe3b279c419615b9b00c1abb4,86047,londrina,PR,-23.347956555370434,-51.167952189980085
409,e1a210d482714ce337763a19aef94ba4,85807,cascavel,PR,-24.945647177421424,-53.488007697416926
410,085f6f7e049c996695fb2074fe38d45e,12020,taubate,SP,-23.023849868977216,-45.55958568125225
411,34675b28b826facfde119785bf287dc1,85802,cascavael,PR,,
412,7d7866a99a8656a42c7ff6352a433410,1320,sao paulo,SP,-23.55786640783931,-46.63927883463676
413,5a93f3ab0ef4c84ed5e1b5dbf23978bc,12250,monteiro lobato,SP,-22.95371488210672,-45.839550230520295
414,64cc804291f90c81f02bfc2bb58ff55a,81250,curitiba,PR,-25.479915581658034,-49.34468967820787
415,5f57db27027655e6c6a391601daa0258,29138,viana,ES,-20.370296473620964,-40.416448541581005
416,e1b12447a7563944843191754aeb5562,7145,guarulhos,SP,-23.4163460695912,-46.49559031398681
417,2f3d8b4c9e2ee165075331fea3f3095a,88107,sao jose,SC,-27.579891024623368,-48.668313102414
418,1fe5540d7c1c37a595fefbacd5570d9e,25850,paraiba do sul,RJ,-22.16554648425044,-43.2923175298255
419,d3f39f05462b79a4562d35893a28f159,13730,mococa,SP,-21.466461287526247,-47.005448119801315
420,528ce32f560edd11add4169f6a5b65be,18130,sao roque,SP,-23.531201253991174,-47.13466677725793
421,b86a47b3366e3b5424a7b225781f4908,37900,passos,MG,-20.71969177654815,-46.60461247475161
422,0176f73cc1195f367f7b32db1e5b3aa8,14940,ibitinga,SP,-21.757225105309477,-48.82954113566027
423,01cf7e3d21494c41fb86034f2e714fa1,85603,francisco beltrao,PR,-26.046128816908276,-53.05748931244868
424,ceaec5548eefc6e23e6607c5435102e7,3821,sao paulo,SP,-23.498120924794325,-46.50600007152116
425,c8771b1a10bb99bb34d3c459c5cffb53,36512,tocantins,SP,,
426,2d42ebcda99fd55f6f4bc2f1ca035d50,76400,uruacu,GO,-14.521762863477235,-49.143007266567
427,e9bc59e7b60fc3063eb2290deda4cced,87083,maringa,PR,-23.38848692813225,-51.95474325968031
428,13d95f0f6f73943d4ceffad0fc2cd32c,74473,goiania,GO,-16.620772107258592,-49.31937115989281
429,6f229cc508fc6915ed5c499efd93baa4,21931,rio de janeiro,RJ,-22.810296526690003,-43.199729206296965
430,83f2b4881141ce3fcd4e985125d3279e,14055,ribeirao preto,SP,-21.157133534916987,-47.82461663412514
431,c8c1bea22194a4eefa2dc9a9fa89f536,88210,porto belo,SC,-27.156918925167133,-48.56761529461856
432,b0b346d3a89f5eb4c2968af3f083cd43,13105,campinas,SP,-22.887452444886165,-46.98151683823241
433,a0415d9b25ede3c4b1e477e9916ffc03,26255,nova iguacu,RJ,-22.76060520276277,-43.45834111462408
434,3dfd3dc96f7f8598eca74e9ac8a2fa31,3343,sao paulo,SP,-23.55972355053166,-46.57057338872683
435,e5545d4d4473876ea78c5bcebca365c3,17512,marilia,SP,-22.15965734576263,-49.96270466053301
436,fa1a9dec3a9940c072684a46728bf1fc,88820,icara,SC,-28.715454584283886,-49.30032605498398
437,6ddc28b61be28373b4503a1f61cf98a9,3543,sao paulo,SP,-23.535201247118067,-46.51436539153272
438,c5ebe6598748b0aeaa61cfb820478b92,95910,lajeado,RS,-29.430823732155336,-51.99377718667392
439,5670f4db5b62c43d542e1b2d56b0cf7c,3694,sao paulo,SP,-23.535512046653682,-46.47747227727441
440,e1c76f339ebd5460999f25a2aa8c92c5,3029,sao paulo,SP,-23.530027831192616,-46.61797165039588
441,cb8bcce248bb1fb274ba762d8b971456,37540,santa rita do sapucai,MG,-22.246571164306314,-45.70673437941273
442,6524b847b982cd56bb5d4b02b776ee42,13042,campinas,SP,-22.948634676835045,-47.050094033998256
443,610f72e407cdd7caaa2f8167b0163fd8,1201,sao paulo,SP,-23.536025549460852,-46.649724925521895
444,b6d44737c043328708f6749c2dbe50bd,9230,santo andre,SP,-23.620944796095696,-46.527531775911626
445,972d0f9cf61b499a4812cf0bfa3ad3c4,88359,brusque,SC,-27.14866003862787,-48.95773034170955
446,8c91bfea4263b8fba54081460693e2a1,98920,horizontina,RS,-27.626288389382047,-54.31039146165191
447,38af8acfd46ac4a7bf754e8ca6736664,4364,sao paulo,SP,-23.649554191129045,-46.67061724568314
448,d90fe2229fee1a5da999ccd0c06c1667,3416,sao paulo,SP,-23.56111731802337,-46.548914740196
449,75fdd0a732287f9497b179f6bd445d32,9350,maua,SP,-23.68085820720071,-46.44442356665189
450,5b2e94f2c22b39ccc24d34ad0f669672,1214,sao paulo,SP,-23.538503359110482,-46.644767389717174
451,9ac75591b69c3402684b6ce0310f22ee,2880,sao paulo,SP,-23.466692273787523,-46.67239308058563
452,e5bd51692380fd8cabb19b756b95e714,9220,santo andre,SP,-23.624060894767467,-46.53616062396538
453,cfb1a033743668a192316f3c6d1d2671,18110,votorantim,SP,-23.54224720522475,-47.456753042329744
454,adcf50477d6a1f5d91bb9d54c4903cb5,35530,claudio,MG,-20.437920263491275,-44.76330196586492
455,8476243f92442881ddd5b578975cf115,93700,campo bom,RS,-29.67698305268966,-51.06035322881096
456,f2336e113377dd21c744d9c4fc8293a9,3659,sao paulo,SP,-23.52154476827316,-46.51160562083969
457,f25e239052084705e17a982bc600ab2a,1123,sao paulo,SP,-23.52896417334392,-46.63648868582247
458,714b9a1332840f257b49f476bea4e341,15910,monte alto,SP,-21.26362043909193,-48.49505431143004
459,89d9a386b0b6e5fc8403071b03f7206a,3103,sao paulo,SP,-23.554134427844645,-46.612483984600445
460,bd15ee794d5e640d9dd71b665b2ab15b,14078,ribeirao preto,SP,-21.142061325197357,-47.76658846036073
461,f326006815956455b2859abd58fe7e39,15601,fernandopolis,SP,-20.29281787362197,-50.25454143673469
462,bac692d6c0ed08467878018e6cc9c26c,89041,blumenau,SC,-26.914840312458818,-49.1120336307062
463,6a51fc556dab5f766ced6fbc860bc613,17500,marilia,SP,-22.21744119809911,-49.950501966801376
464,a90a5da8b09e44264a177c0374a5ac87,84010,ponta grossa,PR,-25.09419479376675,-50.16095107518057
465,ea6b12bf9ffe2bac34602ec631d97a47,7093,guarulhos,SP,-23.456752235543597,-46.541953995807276
466,dc64d75cc406bb0697be983831430e60,31560,belo horizonte,MG,-19.839322326666363,-43.97452139890381
467,fa7ad8ae9bcb2c4493fdf38e96b1d74f,13920,pedreira,SP,-22.741070713194695,-46.896738928118715
468,d1ef48b38baca7e831711c4a0aeb398f,86800,apucarana,PR,-23.554566729736628,-51.465841909757266
469,67e43d802fde8cfd3f9580124f8167d1,7062,guarulhos,SP,-23.45982617939921,-46.55277371534361
470,f18112da765e0971ca5d510dec322bdd,88351,brusque,SC,-27.085214555141466,-48.91826769450689
471,259f7b5e6e482c230e5bfaa670b6bb8f,8550,poa,SP,-23.521930384417605,-46.341142088237724
472,dd7ddc04e1b6c2c614352b383efe2d36,3471,sao paulo,SP,-23.56543504562145,-46.51926418541603
473,f457c46070d02cadd8a68551231220dd,87047,maringa,PR,-23.414442215153535,-51.886309898246616
474,5962468f885ea01a1b6a97a218797b0a,82040,curitiba,PR,,
475,1f50f920176fa81dab994f9023523100,15025,sao jose do rio preto,SP,-20.806072151507887,-49.388594200701824
476,2b1a40c1daabc6ca280c4b815c101841,35500,divinopolis,MG,-20.140739463230393,-44.88335564137159
477,26b482dccfa29bd2e40703ba45523702,13450,santa barbara d´oeste,SP,,
478,f356c348fbc8df6a882823e21f5ce8b7,92025,canoas,RS,-29.926616207487783,-51.16236660784726
479,2ba91c7ad80ff88b23b7db823b43c233,13310,itu,SP,-23.274774504426023,-47.306792448747714
480,3d0cd21d41671c46f82cd11176bf7277,89217,joinville,SC,-26.28716241446803,-48.874212404637845
481,d93919c944be9cff128f6c9cb899eacb,13375,mombuca,SP,-20.56936647541443,-46.02311914850127
482,f7ba60f8c3f99e7ee4042fdef03b70c4,9628,sao bernardo do campo,SP,-23.661268300582837,-46.564323340129285
483,0ee4fb99ac55ffbbc98795aa01b7f8fa,6539,santana de parnaiba,SP,-23.465862744675967,-46.885335137472076
484,c5f7e746b7e6d07def6c0dae9903279b,81350,curitiba,PR,-25.501972072457498,-49.333548274317955
485,2d20f1cd18725c91147da0791d498022,86040,londrina,PR,-23.338785655946975,-51.13612711580655
486,002100f778ceb8431b7a1020ff7ab48f,14405,franca,SP,-20.528419405982003,-47.4112866375386
487,70f84699be677ec988d1fa824aef7d90,35700,sete lagoas,MG,-19.458110967354493,-44.24812806575352
488,5bc24d989e71e93c33e50a7782431b0e,37165,campo do meio,MG,-21.109665382648636,-45.82946859543376
489,36f98ad67cc981f50ce8aed093d5783c,85904,toledo,PR,-24.711284227637968,-53.74789122193225
490,70ee69419916dc13e3aed619061f996c,8780,mogi das cruzes,SP,-23.52059548345631,-46.17826566470115
491,6eb94e1466490d327a09abf8f3552a50,13219,jundiai,SP,-23.18781148992063,-46.85342812623547
492,8ff1a9df749e454105c55cda13e79143,17509,marilia,SP,-22.211511120333675,-49.94622978082963
493,c4fabeea6e569d42d02993bb1f4f1cbc,60741,fortaleza,CE,-3.78882481315774,-38.55014169167096
494,5236605f4d4b0b3e4df85b850393fca0,3311,sao paulo,SP,-23.545501214622803,-46.56360448003377
495,45c20d94d9171b0bcfab3c955e47d67b,13490,cordeiropolis,SP,-22.482066126032898,-47.45990078275302
496,5bc237df65098fe211bb4818f4d26d78,38410,uberlandia,MG,-18.954337343581127,-48.23727050137013
497,6a38087bc8ad4f89ff453561005f6dea,75123,anapolis,GO,-16.35083557854112,-48.95525137009682
498,4e5725ba188db8252977a4f0227bd462,14092,ribeirao preto,SP,-21.1774947273759,-47.76831102590412
499,e4f121bf6ef8b9a1d4d3e65dd0473fab,15085,sao jose do rio preto,SP,-20.836055478387365,-49.38660230533204
500,eebb3372362aa9a46975164bed19a7e7,4578,sao paulo,SP,-23.6077320451231,-46.697268270982946
501,2ec6e37d992a95eaddb3369dcbcc76d9,91310,porto alegre,RS,-30.040897683097025,-51.15266770536259
502,f84a00e60c73a49e7e851c9bdca3a5bb,20756,rio de janeiro,RJ,-22.88966091419736,-43.304703468590944
503,e5a38146df062edaf55c38afa99e42dc,1233,sao paulo,SP,-23.536582206543354,-46.661791301247476
504,80cfd480be3eb6d6267139f5cb793555,8223,sao paulo,SP,-23.526793226704864,-46.47148457759051
505,62c50c1af4dfdc4149d25c5222043d39,4782,sao paulo,SP,-23.690880356840243,-46.70372093044496
506,4de6e4ba574aa9dfdc824bc44dc47fdd,83402,colombo,PR,-25.346400524944226,-49.22183548978743
507,6548c2550b6e2d8f18053216e1c7b6f3,9920,diadema,SP,-23.681439913970667,-46.62268210114378
508,f45122a9ab94eb4f3f8953578bc0c560,13419,piracicaba,SP,-22.729481797643803,-47.641558757867166
509,7901646fdd36a55f564ffaf2dbccaaf7,20021,rio de janeiro,RJ,-22.912843990843864,-43.17382814047443
510,6481e96574816ead57975da2c0f6d80d,18072,sorocaba,SP,-23.43385697189598,-47.509335979649656
511,e8dba4d70f7f2b20e775d09cae01142d,13456,santa barbara d oeste,SP,-22.757613545690837,-47.381265918966214
512,13e85aac53340018b40c2af68001b7e0,13920,pedreira,SP,-22.741070713194695,-46.896738928118715
513,b6dc74ed30f124f95227bed4e43a3bed,86702,arapongas,PR,-23.390409473926574,-51.44664465109854
514,48436dade18ac8b2bce089ec2a041202,27277,volta redonda,SP,,
515,f5f2ab9bdb6b30c14c61be68c5ed37da,13660,porto ferreira,SP,-21.867396479393847,-47.47862930181371
516,8ed8ea9a57c862f2c18c2fe41f601d56,89030,blumenau,SC,-26.8959165269855,-49.08345671361234
517,c76d418370990614e89e956c7a7567d9,6787,taboao da serra,SP,-23.623812026762756,-46.80057445391343
518,ceb7b4fb9401cd378de7886317ad1b47,22790,04482255,RJ,,
519,ea846a0e7ad98a741783e886d89dfa44,16072,aracatuba,SP,-21.201551437569414,-50.45852053718475
520,2c54051840f19eca309a5423cf22df36,81830,curitiba,PR,-25.51720521566893,-49.26458778727436
521,ee27a8f15b1dded4d213a468ba4eb391,74210,goiania,GO,-16.694549761673937,-49.27891442723469
522,69b5eaa096c3f9d1e5c398c597f567d6,16200,birigui,SP,-21.29514956103053,-50.34302941703419
523,5b92bfa4120daa27c574daa2e386c693,18070,sorocaba,SP,-23.47358559213854,-47.48348534360095
524,1554a68530182680ad5c8b042c3ab563,37580,monte siao,MG,-22.430636615078708,-46.57371474364269
525,fc38b5dceee1a730fad8853453437fbd,13073,campinas,SP,-22.885217123915602,-47.06712741064862
526,152ee17e4c8aaf53dac99f3462e4999b,89248,garuva,SC,-26.034726689531055,-48.85364164520897
527,fac35d150712afb921ec59ac5f39bb11,38650,bonfinopolis de minas,MG,-16.56387293173638,-45.99533726406178
528,04aa0a1c5ce6b222003403a3e11c3cc0,13150,cosmopolis,SP,-22.64079347008199,-47.188992612321556
529,ede0c03645598cdfc63ca8237acbe73d,14092,ribeirao preto,SP,-21.1774947273759,-47.76831102590412
530,1e47defeeadeca0e9a18fa5a9311e735,15800,catanduva,SP,-21.140377172004904,-48.97468595318067
531,a7b7354cc588f7566a848bcbb1ce3d96,1215,sao paulo,SP,-23.536176105038816,-46.64759439913432
532,ef0ace09169ac090589d85746e3e036f,24451,sao goncalo,RJ,-22.831525158643018,-43.015381374110994
533,a7dc4098e4da6e41b426269d12ae7e91,4386,sao paulo,SP,-23.663515162219596,-46.65505211991549
534,918717417d88a9f9ae9735567e6c7682,5547,sao paulo,SP,-23.59305271683581,-46.77098181852074
535,26f6b7ab07be3e9e69ce82a6552efc19,21070,rio de janeiro,RJ,-22.844234877603615,-43.28465360913841
536,cad9969167c09b48ae6f1d123f7fa68d,37706,pocos de caldas,MG,-21.831679492683893,-46.550871721275705
537,7c4adcc13272c0e26fa23aac642adb7b,24725,sao goncalo,RJ,-22.811101091416933,-42.97129584924344
538,f19516b9ff26bfeb091b30108db4ddbd,13160,artur nogueira,SP,-22.570786711814478,-47.165647847939
539,ed8cb7b190ceb6067227478e48cf8dde,11015,santos,SP,-23.95317158734069,-46.318865404010374
540,97e50a621f8e801f4baf69e08687c192,4209,sao paulo,SP,-23.58856922786244,-46.60052453319433
541,562f8cfc51f265411f487d07e9c40e7f,30575,belo horizonte,MG,-19.97306556964586,-43.972775989773524
542,a21c11ec5c3f03e7cc9f9203bff9e1c6,6513,santana de parnaiba,SP,-23.461255490967474,-46.91590632420403
543,97e4a63591ca439a2b8b7efd20e6e19e,20520,rio de janeiro,RJ,-22.926392906158146,-43.23205184603426
544,07017df32dc5f2f1d2801e579548d620,58030,joao pessoa,PB,-7.114682217128066,-34.8559108214477
545,52092ddbd3a58c450a4459bf051b2287,17300,dois corregos,SP,-22.368848115007,-48.38625769731933
546,1a8e2d9c38b84a9702ac7922924b0573,89245,araquari,SC,-26.4086310776825,-48.7590546323903
547,f1198c871e0171278b63f40d112caeec,1220,sao paulo,SP,-23.544536491366085,-46.64614449484188
548,87142160b41353c4e5fca2360caf6f92,90230,porto alegre,RS,-30.00830163357755,-51.20140475549246
549,a0e19590a0923cdd0614ea9427713ced,83075,sao jose dos pinhais,PR,-25.533314365461354,-49.090710459857476
550,289cdb325fb7e7f891c38608bf9e0962,31570,belo horizonte,SP,,
551,11305281b50fff20ae8bb473f8e11876,36500,uba,MG,-21.11740463639981,-42.94327379563773
552,723a46b89fd5c3ed78ccdf039e33ac63,93310,"novo hamburgo, rio grande do sul, brasil",RS,,
553,d9b00a97818674c7f8d8b1ef0e689679,84035,ponta grossa,PR,-25.108228274405032,-50.15238858660063
554,9d681c7e12db302cb261e721040dde65,80330,curitiba,PR,-25.46994276319074,-49.3068465197933
555,c7bb64409aa480bb7d0335faaaf3d242,89218,joinville,SC,-26.272445595346777,-48.86136786128232
556,bb7ad8a45c027be8ab075b8e465f8ca0,88056,floranopolis,SC,,
557,8a207b6080964f3c1fc9d35bd6096ba4,15155,jaci,SP,-20.884314634454388,-49.57184637092642
558,fa1c13f2614d7b5c4749cbc52fecda94,13170,sumare,SP,-22.821798200546407,-47.27019154532337
559,bf100ecb7997df312b285358fb32f92c,83070,sao jose dos pinhais,PR,-25.51984032011774,-49.125689453009706
560,3504c0cb71d7fa48d967e0e4c94d59d9,9350,maua,SP,-23.68085820720071,-46.44442356665189
561,164a5a8794e6d42e14f55e447b12a3bc,85980,guaira,PR,-24.087400625209373,-54.25076819915301
562,de09d00cfc265b8804c7df34075a68fa,2118,sao paulo,SP,-23.514974059488285,-46.59264392254498
563,638cba8be1fb599bbb76fd6948351eb3,12242,sao jose dos campos,SP,-23.201473960333153,-45.90621172797037
564,2f73e04d12cdf0c945ded66bb3fcf6c7,29313,cachoeiro de itapemirim,ES,-20.833354593856072,-41.154771117529016
565,fbc14c0cf93505ef89f64665ffa4a7b5,14150,serrana,SP,-21.208336726078613,-47.60207903584118
566,c3ee2331a724e6fc02c4b698b57a73f3,5108,sao paulo,SP,-23.509353210039336,-46.75840812013872
567,e9874ae10b2d60d43917b6bbfa13a599,86604,rolandia,PR,-23.317751345435134,-51.391391555502715
568,df47da4ae86fa4db890d05aaf24e21d8,4360,sao paulo,SP,-23.6401396051607,-46.66361476551961
569,ddd51ae8cda92f3995a51fc0f0f3eec7,23062,rio de janeiro,RJ,-22.90306044059243,-43.59918819706291
570,e644cbadf7eeb30d0d29f335ce7d52ec,3029,sao paulo,SP,-23.530027831192616,-46.61797165039588
571,2bdb95a56a36ebbc6640337ac5eac174,4054,sao paulo,SP,-23.61660097776636,-46.64273072477871
572,34d1ca11b242c0fee2c834ae8d788566,36415,congonhas,MG,-20.510858275985875,-43.86240043101434
573,324583d68897f5ddbaf38f6248322176,15046,sao jose do rio preto,SP,-20.76770127152814,-49.38807187582841
574,96493fab2fbb13a14d0c0e8772eef5c3,5537,sao paulo,SP,-23.58664570652438,-46.73513016746443
575,d4ffeb15b67e81ff9af2b4252d99fb7e,12943,atibaia,SP,-23.127852305170336,-46.56900104925317
576,b5d034ac251546e25afe9067f05c1539,6852,itapecerica da serra,SP,-23.70661656786115,-46.85862883693203
577,8a1ff5c35f6595a73fef4c7b96e4908a,83091,sao  jose dos pinhais,PR,,
578,a150c540f572d0fb53992264bc5c10b5,18035,sorocaba,SP,-23.50120797422679,-47.461841393566154
579,7c1fea10b5b006671d608b1d7c446ec4,18550,boituva,SP,-23.28658218135728,-47.67114211477747
580,b6e1504972665f739dec4facb9943775,13405,piracicaba,SP,-22.70848467746202,-47.664918458117526
581,f76a3b1349b6df1ee875d1f3fa4340f0,3275,sao paulo,SP,-23.581793418237027,-46.54662440650995
582,99eaacc9e6046db1c82b163c5f84869f,14400,franca,SP,-20.539009300014076,-47.40125797243722
583,8603f0038fe0e52fedd3382d266723de,88495,garopaba,SC,-28.035429505504453,-48.627746848555816
584,d98eec89afa3380e14463da2aabaea72,90010,porto alegre,RS,-30.033142787652327,-51.231702606101365
585,ab75b89cc49c9ab3160d0c91565a442a,17604,tupa,SP,-21.9430391709315,-50.51669114659256
586,08084d990eb3f53af056ccbc1730c8a7,3612,sao paulo,SP,-23.51763566160815,-46.535802829501115
587,d85efbc8eff2b7adf524e2820569adc8,5268,sao paulo,SP,-23.442314733700414,-46.78201159245593
588,23613d49c3ac2bd302259e55c06c050c,13660,porto ferreira,SP,-21.867396479393847,-47.47862930181371
589,87d3c3aeb3ead335511b3ce315eb341e,3059,sao paulo,SP,-23.541370894073427,-46.592350255001435
590,93b9a99027bd8bd6af682aff18dd19bf,7600,mairipora,SP,-23.33195097754839,-46.59729428207207
591,0bf0150d5b9d60d9cd2906003332f085,1547,sao paulo,SP,-23.582894774992642,-46.62118115690777
592,7ecef8194babfec876ca720714327841,13041,campinas,SP,-22.920688425616063,-47.057212861573625
593,87b4428a334b8f676fd9a7f3bf544fb5,16480,guaimbe,SP,-21.909966386748582,-49.89626510132912
594,30829ded4523ab9224b93bc49a62c95f,95360,parai,RS,-28.596392576038586,-51.78690117930655
595,dcb7367a92f5ffb89f1e2152ed260285,17700,osvaldo cruz,SP,-21.7957025544846,-50.87915583052284
596,513a54369b6a8a6602fcb0e129c6d78d,9862,sao bernardo do campo,SP,-23.700896154430882,-46.58286692168872
597,5075aaa8404020ae6aa8bf4792099b41,37706,pocos de caldas,MG,-21.831679492683893,-46.550871721275705
598,d354c38a7182125a748cb10474fe963b,28495,aperibe,RJ,-21.625969109040202,-42.10526757183317
599,4be9ae93c4fc0f41713d71a4194ee1b3,35500,divinopolis,MG,-20.140739463230393,-44.88335564137159
600,e0487761face83d64fcada2408959a36,1021,sao paulo,SP,-23.54284948752205,-46.632068314480904
601,9996ae921c50e8dff411ac69c0b4bb8b,17605,tupa,SP,-21.934967903247458,-50.52465421521198
602,c3cfdc648177fdbbbb35635a37472c53,80610,curitiba,PR,-25.46956259882901,-49.28817648155491
603,c8cc60ffd415254af5d9b9f34f32c369,18053,sorocaba,SP,-23.50132858032441,-47.518907369283006
604,1ce3ae5a399804d1a87e706f8a813c3e,88715,jaguaruna,SC,-28.631582976253362,-49.02290842795707
605,5f26c1408a65b42a7224cd463bdf3292,86707,arapongas,PR,-23.42476867030219,-51.43381503676828
606,e59e575a175fadcadf8479e191770425,26210,nova iguacu,RJ,-22.756423853334258,-43.450029230649584
607,2138ccb85b11a4ec1e37afbd1c8eda1f,8250,sao paulo,SP,-23.540163297646494,-46.441364406492966
608,83d458c0d6d4f94295d63f091460bd60,29101,vila velha,SP,,
609,ef30892870c278497523264be1be2241,14801,araraquara,SP,-21.79081912315189,-48.184614002408665
610,d5b9a084373da994a6e37f732169a853,9182,santo andre,SP,-23.697307284553304,-46.530326250284745
611,e9c2dc0dd4ac38448289be644ac94f42,89210,joinville,SC,-26.33362099682226,-48.83300951022419
612,fe87f472055fbcf1d7e691c00b1560dc,13085,campinas,SP,-22.79150104891422,-47.08066923679262
613,5a32c398a06c345440bf2a683b017ad3,21070,rio de janeiro,RJ,-22.844234877603615,-43.28465360913841
614,f46490624488d3ff7ce78613913a7711,7194,guarulhos,SP,-23.44299910569209,-46.506324053186724
615,4d0041cdbe51b4617d95c70b19decc74,36052,juiz de fora,MG,-21.746979409888915,-43.34613359000078
616,db46ca7bce82b11f7e247539271fc390,23080,rio de janeiro,RJ,-22.898533142275067,-43.56552697659894
617,ad420dd0c4f92f8af951ac24b86d0cf5,38230,fronteira,MG,-20.279404799268004,-49.201329764525894
618,e8b4225284fbb02d16f200513f1f395d,14960,novo horizonte,SP,-21.46979859023029,-49.22220561413068
619,f61c63d13f7cd800549d5acdd390ae72,18185,pilar do sul,SP,-23.811799896344418,-47.723449977507144
620,054694fa03fe82cec4b7551487331d74,15840,itajobi,SP,-21.314615447598676,-49.05537942757926
621,dc50afafdfa325eadc890c7fa42a8f4e,87050,maringa,PR,-23.43089558269375,-51.91815458314278
622,376d67b61dce0c990155286e7ae486a4,4815,sao paulo,SP,-23.704301192533173,-46.691939494213116
623,7994b065a7ffb14e71c6312cf87b9de2,29142,cariacica / es,ES,,
624,a9415cf907dfa12f9ed18693244f5329,36320,prados,MG,-21.05905176811203,-44.084488635750155
625,b7d5b4b87af9d42b601865d3f3810bff,88020,florianopolis,SC,-27.593323289251266,-48.544139953675334
626,7315baebc0572ff220d226283dc66728,13560,sao carlos,SP,-22.014982492231976,-47.8898531792727
627,4125d9385a25e82d2f72d3a0fd55bc3f,11065,santos,SP,-23.964672338527112,-46.34245770671684
628,c8b0e2b0a7095e5d8219575d5e7e1181,8598,itaquaquecetuba,SP,-23.466570703912982,-46.325145617591325
629,38102b031c2a15e54623d711bfc753d3,62170,mucambo,CE,-3.905726996478778,-40.74612755881526
630,160e4f13fd3a64b1b86807be88b5ffb0,83409,colombo,PR,-25.376123581892184,-49.182387775023386
631,8ccf3cf69651cc1d8a02c8bfaf3b8568,13504,rio claro,SP,-22.392217406389072,-47.578418519250064
632,391fc6631aebcf3004804e51b40bcf1e,14940,ibitinga,SP,-21.757225105309477,-48.82954113566027
633,33cbbec1e7e1044aaf11d152172c776f,95705,bento goncalves,RS,-29.155565695759474,-51.51330651108968
634,da03c298e3999e9d828591fc2179d109,4041,sao paulo,SP,-23.60140450989373,-46.64442349791269
635,49383af7ab774e4e8f3000f49c83dc4b,12080,taubate,SP,-23.022630129102183,-45.55016654523329
636,8a2d12a90e92f012ce5226fc6592b653,81210,curitiba,PR,-25.444451769358118,-49.32794630681775
637,52956b80ae65fda598f06f6b9943e7a9,87050,maringa,PR,-23.43089558269375,-51.91815458314278
638,762ed976527cddf02787edba70fffa2a,86026,londrina,PR,-23.30872447421649,-51.155375230054304
639,7994081388d55b9cf976c050653dd359,1244,sao paulo,SP,-23.566436999288005,-46.65884150306256
640,585175ec331ea177fa47199e39a6170a,39400,montes claros,MG,-16.722630163952992,-43.86290975751636
641,e59aa562b9f8076dd550fcddf0e73491,82810,curitiba,PR,-25.43718076728998,-49.212498335157335
642,e84ad2127668df3aafc6b73531a0beb8,4613,sao paulo,SP,-23.61985669150372,-46.66724136526174
643,1a6245add4353f18ed55138808906979,9694,sao bernardo do campo,SP,-23.670730714424828,-46.580971763924424
644,e9779976487b77c6d4ac45f75ec7afe9,11701,praia grande,SP,-24.008185076975675,-46.41921155863092
645,6b90f847357d8981edd79a1eb1bf0acb,7152,guarulhos,SP,-23.405227756030246,-46.4708101332688
646,48328ec9a579151d9cc6a86d4a59336c,92310,canoas,RS,-29.91619025860518,-51.188413241928465
647,73a63f72308aa20a46f4b1632018f196,82510,curitiba,PR,-25.40013436713462,-49.24053602350563
648,f62d7bb4a613ec758a03342d46b580b2,36570,vicosa,MG,-20.754456725325987,-42.87775192201041
649,252e76235acb79183cfca6e34f13337d,13090,campinas,SP,-22.887702368976925,-47.03879517360688
650,7c5b05cbdb5542049f38d90d7815b97d,5201,sao paulo,SP,-23.411986955022744,-46.72885311544866
651,db4350fd57ae30082dec7acbaacc17f9,3126,sao paulo,SP,-23.58050932487497,-46.59073248997447
652,845e8036c3f7bf62099352f5ed910240,21041,rio de janeiro,RJ,-22.872400265576072,-43.26133702515029
653,712efd3b68f9686dc856b84abd0f21ae,82130,curitiba,PR,-25.379020599822756,-49.27646170589391
654,3364a91ec4d56c98e44174de954b94f6,76804,porto velho,RO,-8.76645968034711,-63.8937893497431
655,b00af24704019bd2e1b335e70ad11f7c,40130,salvador,BA,-13.001833349263132,-38.52900367194544
656,4324dd16853115efb0fd9d0d131ba6f4,13720,sao jose do rio pardo,SP,-21.58555484455619,-46.936817509442626
657,0a198e95d32b1be2da9424c962a6ebfa,32260,contagem,MG,-19.954516299355763,-44.04002258578965
658,d1a1b40ec554c593a1a99366746289dd,85501,pato branco,PR,-26.226542116388647,-52.67450572763438
659,55a5b51f93f2b70ea513f5a047b0262a,36301,sao joao del rei,MG,-21.123279104523665,-44.25056136641234
660,6426d21aca402a131fc0a5d0960a3c90,14091,ribeirao preto,SP,-21.190083206082768,-47.787587436454274
661,8a432f4e5b471f8da497d7dc517666e2,19042,presidente prudente,SP,-22.1362294598616,-51.37245004547979
662,da3fede3469bf49b7293ce3fc45b294d,8743,mogi das cruzes,SP,-23.555788161677082,-46.21687108516751
663,c092292535a57dacd95a8765f5518f87,26600,paracambi,RJ,-22.616674007045216,-43.706674061865066
664,20a8b0dc55da94fe74d112082427c84f,13312,itu,SP,-23.258853342590296,-47.345255398394904
665,bfd27a966d91cfaafdb25d076585f0da,13930,serra negra,SP,-22.61618709340345,-46.71042892850524
666,fadb07c842a2aef5d5a676b85f220e71,15052,sao jose do rio preto,SP,-20.764893503951278,-49.36776086345163
667,6b15924333bd1a741595fe981ea04822,9541,sao caetano do sul,SP,-23.62031918470236,-46.564104728028354
668,1c83418358f249c9d6affa52d579db0e,1420,sao paulo,SP,-23.56345759454032,-46.657826052678935
669,04e38a233f726ef161074ab1c9b0399a,1239,sao paulo,SP,-23.54590036661568,-46.647259766823346
670,1b4b28463457a256e9a784ebe2a8f630,13418,piracicaba,SP,-22.724749879138603,-47.63023129704402
671,db7ed69a53aa9fb1c01930ba54a88bbe,13820,jaguariuna,SP,-22.694436417211033,-46.98833786116593
672,f664f98bfda2eaf266a23ff144e7a872,4001,sao paulo,SP,-23.57287821503584,-46.65283341784179
673,7ade73f1b9b4e965f9009a4c3a7e2c15,17051,bauru,SP,-22.330756663626943,-49.09992673191204
674,a369d693961cb93b61ca2cc518872a85,15081,sao jose do rio preto,SP,-20.84489393342135,-49.36235850038291
675,fb8904a8ea99f8831b64ce27db2c1765,9550,sao caetano do sul,SP,-23.61696714959042,-46.551879847021155
676,2ef086a599b597572aca4433b7ed6b3d,89256,jaragua do sul,SC,-26.48128535240248,-49.05905595707445
677,134285d1f41da5c13a756ee8142c8a4e,2523,sao paulo,SP,-23.505881370985644,-46.65558472796972
678,9ed65337433adfbedefd23dd76eaa494,5462,sao paulo,SP,-23.5590102132408,-46.704026926790114
679,aec99834ab5d38ead22766ada8497e87,83411,colombo,PR,-25.329117588087687,-49.149796876732424
680,b8578d2d823bd8e251f6fdd02b40902d,89069,blumenau,SC,-26.796825418763998,-49.09516518377151
681,d9d43faf741ceaa8da52fdbb81d9e0e3,36010,juiz de fora,SP,,
682,964ff64dc05b13811c6d0f41e0aa5f6b,4154,sao paulo,SP,-23.628589427014685,-46.62199456710609
683,96e5dc09087bad639b4ee193104ec2e5,28660,bom jardim,RJ,-22.159061369881236,-42.417778914977355
684,24c1de8d9551c0b4fbc53317d53efda8,58385,serra redonda,PB,-7.185330489314501,-35.68043589181518
685,0336182e1b3e92f029d5354832045fdf,14940,ibitinga,SP,-21.757225105309477,-48.82954113566027
686,c03121937e54a93fcc1825c3098bbb6e,82800,curitiba,PR,-25.43467686367599,-49.22693580716213
687,b87a7ea0c30fad2dd6781b74a0064859,4133,sao paulo,SP,-23.619507886950025,-46.61863791192781
688,84c945f15571830c1a91a33978e94009,2851,sao paulo,SP,-23.459559531638956,-46.6914504509066
689,2d378dbb39815785238c0139c7647fb7,89240,sao francisco do sul,SC,-26.2458939479174,-48.61006733671777
690,0b0ddbc7b9d9584f442c7ac92b0ff6c9,7052,guarulhos,SP,-23.47244018174114,-46.554128470589184
691,51209b446b2073894bdc0face6c73ffc,29104,vila velha,ES,-20.367130894822626,-40.31728275677581
692,5996cddab893a4652a15592fb58ab8db,19010,presidente prudente,SP,-22.123026838263968,-51.38642742347118
693,aa8af66c623d7d544dfe4bb85b5ebe3b,32672,betim,MG,-19.939459874539157,-44.17322732859003
694,1690cada046eb7e92c12f98b1f8a8167,1303,sao paulo,SP,-23.5492342160911,-46.64880111930289
695,385799a1cddbd26dfeb9157356a42282,4676,sao paulo,SP,-23.656713383072773,-46.67501400613324
696,42b729f859728f5079499127a9c2ef37,3910,sao paulo,SP,-23.58474510293243,-46.51531539153837
697,556a6409838156ea299c9d1f9e2dde43,81200,curitiba,PR,-25.43705336323769,-49.33260673752005
698,179d859f51292aac5c10806a356f7af9,9411,ribeirao pires,SP,-23.718790076865947,-46.394862226668685
699,934ed5cd1b9c1c7382d0a94a94b9e639,81070,curitiba,PR,-25.482961231196978,-49.30348234969548
700,be3b4b0f050a6aa1b2d901c4b77e979f,84430,imbituva,PR,-25.22980960350924,-50.60436091054254
701,6806dad1da97bfb5a9038eac6881f706,83280,guaratuba,PR,-25.888595862552247,-48.58518455198979
702,94231344608e603693b0a8891143f65d,91520,porto alegre,SP,,
703,446cc09cdbb130904da114e807dbec40,5615,sao paulo,SP,-23.587812703013004,-46.717149671340245
704,47efca563408aae19bb7206c2d969ea9,64033,teresina,PI,-5.12360945433745,-42.76834387096315
705,00ab3eff1b5192e5f1a63bcecfee11c8,4164,sao paulo,SP,-23.627265871438517,-46.608322589027686
706,71271995e85f5b8530be99ed54a91b89,91360,porto alegre,RS,-30.020163045407337,-51.154473323285615
707,a435b009cd956ea60748b5cfbddf2e24,14406,franca,SP,-20.53539287198547,-47.435349149812716
708,11938fcc75f6902fea1d0a6f72b54a57,89900,sao miguel d'oeste,SC,,
709,9b76ad3d04236f76bc71c59470305e13,18550,boituva,SP,-23.28658218135728,-47.67114211477747
710,d7ab82074b5f1dfba46db123df101bff,12941,atibaia,SP,-23.12379750166368,-46.5429355215757
711,9c0e69c7bf2619675bbadf47b43f655a,12230,sao jose dos campos,SP,-23.226155136599612,-45.88735373043282
712,94d76e96eedd976258cd3278ce56d5f2,18132,sao roque,SP,-23.518680364455815,-47.14026012355214
713,52f976b17ea7f2f087f56dcc419328f6,86820,california,PR,-23.66508907109986,-51.35668326941345
714,4e326052e5dbba8adcd512f3450a307e,8020,sao paulo,SP,-23.5047391501506,-46.44136917318872
715,3586b8580d9c917874e053a1bb37b5ff,14802,araraquara,SP,-21.772214519153177,-48.18072354451076
716,6edacfd9f9074789dad6d62ba7950b9c,7135,guarulhos,SP,-23.424360957386146,-46.52506169175083
717,52831e5990d0771cb4951d6f12928167,17600,tupa,SP,-21.934339317283456,-50.514014500279096
718,9e7c5f4d7770eab65738cca38f9efccf,2562,sao paulo,SP,-23.487367616467463,-46.67375092530967
719,4677a5437afda5fa7140b927b07be1cc,84920,japira,PR,-23.812156076337978,-50.14033915045725
720,3e8bd881d92466e63ba9e3e809cd3c50,20751,rio de janeiro,RJ,-22.883848522306025,-43.30564273023548
721,4a1917ef994878940e1fb03eeb787ad7,70610,brasilia,DF,-15.794660494209083,-47.914598852400765
722,334cab711dee080b079fa5779b584783,9190,santo andre,SP,-23.675528470739895,-46.539092188250464
723,9dd59e43f0c9f0553244e8f9c2fb247e,85851,foz do iguacu,PR,-25.542073079848453,-54.5847661116064
724,ccf8813e5a7d6c84d865cd38bfc2b130,12080,taubate,SP,-23.022630129102183,-45.55016654523329
725,8d956fec2e4337affcb520f56fd8cbfd,9780,sao bernardo do campo,SP,-23.71542968159593,-46.53619273980583
726,e5a3438891c0bfdb9394643f95273d8e,13483,limeira,SP,-22.56055606629967,-47.446376779617644
727,f9f68daa2af419d38f745478bcb3da1a,13180,sumare,SP,-22.837325437829428,-47.17391937945967
728,138dbe45fc62f1e244378131a6801526,2215,sao paulo,SP,-23.49120819109078,-46.58351234462944
729,5058e8c1e82653974541e83690655b4a,8583,itaquaquecetuba,SP,-23.44461881640023,-46.373790440983825
730,cd2169d9f31ff6fbb9ca3373b0c9e354,28633,nova friburgo,RJ,-22.237968106199997,-42.52670018086926
731,15aec03fe4cf30dfa574cf550f5ff5ff,21862,rio de janeiro,RJ,-22.86463341042827,-43.46691645552435
732,9674754b5a0cb32b638cec001178f799,4438,sao paulo,SP,-23.67692858649723,-46.669699743347245
733,c161d1327ebc3a156c09582ab2f59f6c,3521,sao paulo,SP,-23.547822291141422,-46.518654947446
734,4d232b78ab7ef10393dc3807d827bc0d,30120,belo horizonte,MG,-19.918409279679256,-43.94017020472439
735,23ff42c4bf1f8f16cddb19d8b972974a,37975,itau de minas,MG,-20.743832843701774,-46.75079011967817
736,d3dcf0604eabf0224fbd5948b5e02f69,3654,sao paulo,SP,-23.52547674800969,-46.51709112279124
737,49067458c68f7701fd334ce326accbe0,36050,juiz de fora,MG,-21.734454624927327,-43.348686822262415
738,dfa0c4c6229ab200a4a1336b4d7128ff,88085,florianopolis,SC,-27.606643857124915,-48.59233823168667
739,35281d148dcf7134bae913c57db4e6da,5171,sao paulo,SP,-23.477260455141785,-46.74963220413122
740,76833248bbc0e65a0293ec62023e4396,16200,birigui,SP,-21.29514956103053,-50.34302941703419
741,48e5ee06fb2dc74df1c711a9b6dfac2a,35540,oliveira,MG,-20.698539111736668,-44.82674774480954
742,2cb6eb1b7185064167657fa09f541105,34710,sabara,MG,-19.88044786978769,-43.90357002233693
743,0f7eea709efdf942b5f95c7516dbacd7,19865,pedrinhas paulista,SP,-22.81513690159189,-50.7905003410271
744,54583ab379489add547fe47b628db589,9810,sao bernardo do campo,SP,-23.719376562169025,-46.56538174536106
745,51e0557bc7b86de13e946c60ee91ce39,31510,belo horizonte,MG,-19.81456931462135,-43.96544730649254
746,0bebbb2cea103a4a020c95d43fd7d754,2515,sao paulo,SP,-23.510293125025857,-46.657706265611736
747,9da1ca0bef29ee170e541927a5aeabdc,15500,votuporanga,SP,-20.420096214705623,-49.97134811358099
748,6c7d50c24b3ccd2fd83b44d8bb34e073,19025,presidente prudente,SP,-22.099561148626933,-51.40663290468007
749,3faf68a3b0af94b10bac70d86077be49,13825,holambra,SP,-22.63428909222998,-47.053267986483284
750,05feb94f19d094d4b0f9281f0b1d4c99,8752,mogi das cruzes,SP,-23.541525205179425,-46.26214782215388
751,f650a9708fa1bab22bdd8d3a818cc415,88901,ararangua,SC,-28.942383207586193,-49.49840888518183
752,5cbbd5a299cab112b7bf23862255e43e,83324,pinhais,PR,-25.42504004381905,-49.18907631072484
753,07d75e33f2750d97d467fb57e4dfdd8a,2117,sao paulo,SP,-23.51974573775538,-46.59298684509419
754,8a8835a43bda99fd37310ad76c457510,9540,sao caetano do sul,SP,-23.625846026012187,-46.56660845640211
755,ca3bd7cd9f149df75950150d010fe4a2,4361,sao paulo,SP,-23.64368156031323,-46.66278057112259
756,323ce52b5b81df2cd804b017b7f09aa7,3306,sao paulo,SP,-23.54509363468721,-46.57552831123871
757,ebd1417732defaf66c50b5a800eb293e,86047,londrina,PR,-23.347956555370434,-51.167952189980085
758,76ea5315acb3f5f7ade3cd261faf922a,4213,sao paulo,SP,-23.592317558064885,-46.60195218484335
759,4b1eaadf791bdbbad8c4a35b65236d52,14092,ribeirao preto,SP,-21.1774947273759,-47.76831102590412
760,4cc43a222a0f94910728b62b97a8c5f8,14026,ribeirao preto,SP,-21.214927982319235,-47.8223225208609
761,bc503e244f187939d10c92a5c8e378ce,16200,birigui,SP,-21.29514956103053,-50.34302941703419
762,b6f52e346160519c24a23af05410ad32,1254,sao paulo,SP,-23.543647544483502,-46.67985341177536
763,70125af26c2d6d4ef401a1d02ae7701f,74435,goiania,GO,-16.664893157699886,-49.29892831114727
764,c84592044b180dec206770c38603814b,1026,sao paulo,SP,-23.539650455772748,-46.63217613622506
765,1caf283236cd69af44cbc09a0a1e7d32,26020,nova iguacu,RJ,-22.7320641046168,-43.44955792326596
766,ba90964cff9b9e0e6f32b23b82465f7b,7140,guarulhos,SP,-23.42985130927547,-46.49793467210024
767,5e9f5bd34e0830569f05c9d4f56e04a8,90560,porto alegre,RS,-30.021102483382304,-51.20304215941036
768,15fa791d5e017f66402dc28c44480657,3307,sao paulo,SP,-23.547041996817633,-46.5739813447349
769,20d83f3ef0e6925fd74bfd59170babf7,2804,sao paulo,SP,-23.483178022392924,-46.69812585910928
770,59417c56835dd8e2e72f91f809cd4092,13480,limeira,SP,-22.5707186648412,-47.403071398313244
771,a13580f0e8f782b7a543885a0ef99f08,22790,rio de janeiro,RJ,-23.013945234739644,-43.46302017493874
772,ccada0ef508e698917a6eab263375905,85948,pato bragado,PR,-24.625504809194315,-54.22716204532609
773,4bde6149c15cf7e177b36fa060dd6de8,99500,carazinho,RS,-28.291480903648107,-52.79032945247025
774,fe1bbc5feda5c8979a8a1b3b2512d5a6,38680,arinos,MG,-15.922557953732245,-46.10810020710096
775,23a0ffca143a15b9b5bbdb7d552f626a,13520,sao pedro,SP,-22.551291200877785,-47.906285220400285
776,32b8764b4ef628b53608fc34011fcc13,88504,lages,SC,-27.821744035398375,-50.34354990641139
777,e7df4cd29ab5abab70fb0783ddb53987,4122,sao paulo,SP,-23.602390968375413,-46.62173557517529
778,0432ead42b6c8a0bdf68154add917fdf,9320,maua,SP,-23.659890692613775,-46.441375932172576
779,7e959205cebc10adefcb331f934238a4,1223,sao paulo,SP,-23.54413787601823,-46.64925043558128
780,2a261b5b644fa05f4f2700eb93544f2c,13660,porto ferreira,SP,-21.867396479393847,-47.47862930181371
781,f680f85bee2d253556ac91be391d2c82,6365,carapicuiba,SP,-23.55319577960998,-46.850609817411225
782,3785b653b1b82de85ab47dd139938091,85640,ampere,PR,-25.91843963494469,-53.47382584818674
783,d379f449f2a3b271bc01c0782020f705,35500,divinopolis,MG,-20.140739463230393,-44.88335564137159
784,7ea5bfa6c340f58f8e71fc1f0412b0d6,30180,belo horizonte,MG,-19.926752781122897,-43.94672620842366
785,dc120d932ddf9d4dfb6fd68beefda622,83010,sao jose dos pinhais,PR,-25.542554560202504,-49.18227031520398
786,6902157ee16728322d61a1321fa79e58,1026,sao paulo,SP,-23.539650455772748,-46.63217613622506
787,f3041c2e75ec683697a6a5ea82192210,35680,itauna,MG,-20.07796639442475,-44.57574546064813
788,c54679b132454625907c773d273d4126,11443,guaruja,SP,-23.97885502246283,-46.20560811325592
789,d26aa40b90272d4843d63be7c1462c8d,3065,sao paulo,SP,-23.537394800898213,-46.578740884629745
790,a2fa0bdc798ee84cdb08281337cf4fb6,88063,florianopolis,SC,-27.68282963942306,-48.49114239379971
791,bd697db56ff8e7c9cd1abeb7f72029b2,3533,sao paulo,SP,-23.544546656729633,-46.51722071949134
792,2aafae69bf4c41fbd94053d9413e87ee,91901,porto alegre,RS,,
793,483ca627d131e18f988349b1655c0acd,13800,mogi mirim,SP,-22.4375731994598,-46.96584837430503
794,1a3df491d1c4f1589fc2b934ada68bf2,89224,joinville,SC,-26.2644292948846,-48.807462152760436
795,e81e1f9c3e762e620f3fb60a51499e16,89520,curitibanos,SC,-27.291210360795045,-50.577437374288365
796,4170f6a9367e6b5d6401d03ce6d54569,71906,brasilia df,DF,,
797,4e480be820e37de1444325ff358c9296,37410,tres coracoes,MG,-21.693351229048602,-45.25940943644632
798,6560211a19b47992c3666cc44a7e94c0,5849,sao paulo,SP,-23.652813228396795,-46.75622904308464
799,3da38366e7bd9baf6369071f782ecdf0,60346,fortaleza,CE,-3.723751289608379,-38.590393127153845
800,e3e290b38963293022cdcd6db8328103,1403,sao paulo,SP,-23.56908612978565,-46.65370758856972
801,70b52a4cfc823994561b00bad161b4ed,2727,sao paulo,SP,-23.496989209063976,-46.685687805160725
802,c1552b1dab6e6f760950368ae61fb600,12215,sao jose dos campos,SP,-23.186552155691334,-45.87192032406603
803,596849622429351f47b32e6cae1055ff,8710,mogi das cruses,SP,,
804,e6ffc9ac6a7adc9d16a1cfc2286dd546,2565,sao paulo,SP,-23.48663797997325,-46.66819309017628
805,bf0045791395e66460eb04749c68672a,4256,sao paulo,SP,-23.629241323622576,-46.591490044350095
806,718539d38d07dd351c76db862760e2e2,13088,campinas,SP,-22.85977105506692,-47.03837376855871
807,b76f4d90e85657a240495c876313adc5,13185,hortolandia,SP,-22.89213945984653,-47.173603543712765
808,979e9f8b5b39dd243a2550c8b05aecf0,4160,sao paulo,SP,-23.625439622300366,-46.61208243927651
809,22a23e5ac7061fc538cc2a019afaaf16,30310,belo horizonte,MG,-19.947044090696068,-43.92850618699166
810,0b90b6df587eb83608a64ea8b390cf07,87025,maringa,PR,-23.382360759042154,-51.928078277300344
811,9200e6ce317b67196b6b0bad4d4bd567,20771,rio de janeiro,RJ,-22.886668839836332,-43.279084058376796
812,4c60877808f4318ef1107fbeb8f89afa,12940,atibaia,SP,-23.114660872419602,-46.55304457385195
813,3bb32fedaa74e4ad20f4ce067733bd31,88210,porto belo,SC,-27.156918925167133,-48.56761529461856
814,ae8bfdbf1c2a2a2dee92d799db0a31c6,85900,toledo,PR,-24.72809956213685,-53.73934170911325
815,1927cdb9fa74f5270097f6250e8e8f34,17511,marilia,SP,-22.178513507946924,-49.95704153020205
816,8a87611c08849ffeeccab52aa798b6c7,82940,curitiba,PR,-25.4573015244662,-49.21743203295968
817,679769a98cfcc6da877c8486ff1c13f3,35162,ipatinga,MG,-19.4690489600068,-42.56413813518658
818,acf974e4d5950ad143a247471b831eb9,95059,caxias do sul,RS,-29.116168772113053,-51.12537662742017
819,20a7efa9721046319bdde5d60b6b5365,88790,laguna,SP,,
820,febab0275244b9a49a623f0bd613ca2f,13920,pedreira,SP,-22.741070713194695,-46.896738928118715
821,f3da5b2ff499efb8d4a6d371d175d7dd,2407,sao paulo,SP,-23.484620790664202,-46.62480974261673
822,436bf27f2f18474fc6047702e9f8a866,13041,campinas,SP,-22.920688425616063,-47.057212861573625
823,d2f3e277560ed4c6361284429b00f037,12942,atibaia,SP,-23.122872841153153,-46.560744672488156
824,cd843d4cf8ef32827de0396605163ba3,36071,juiz de fora,MG,-21.772902260434623,-43.31619269603936
825,67883baaae6134ee81b271a542613728,1310,sao paulo,SP,-23.560984899967682,-46.6567838494174
826,7dc9a3355bae96dd82008b313d3a456c,36213,dores de campos,MG,-21.109888276064485,-44.02314172990817
827,05e107217c7266362fd44b75b2cd4cc4,5353,sao paulo - sp,SP,,
828,1acde099eb406aa220b1169b188b42da,2532,sao paulo,SP,-23.499838127797325,-46.65542099215332
829,d97df38225e5abadaff1e72cb72b823c,9560,sao caetano do sul,SP,-23.632900785937903,-46.554207655344015
830,45213867cefbf2cd4c6177e10216a951,13603,araras,SP,-22.3494229749599,-47.40042951562731
831,61b893c57e33626afb104d4112b1be76,37142,divisa nova,MG,-21.509945362887084,-46.195571061551966
832,a420f60ff1aa9acc80d0e42959f2b313,5138,sao paulo,SP,-23.48492120993193,-46.73397150079088
833,ff4ea69c2a729e83e63c7579e4ef8170,7071,guarulhos,SP,-23.453379327751627,-46.56218063053474
834,fa5fdc4e4bb6bd1009ad0e4ac4096562,9111,santo andre,SP,-23.673238738080425,-46.489113668570745
835,916748bc99315c2d202898ae58b1617e,18040,sorocaba,SP,-23.50558801312256,-47.469820367393346
836,bc2ac6b95e1accce9858528ee566c17e,13085,campinas,SP,-22.79150104891422,-47.08066923679262
837,25debeafbce801fdd479539350185eee,17350,igaracu do tiete,SP,-22.515924338254298,-48.562778163060145
838,02c988090b766852e088c69d7fb3b551,13473,americana,SP,-22.720396033185754,-47.30774912191011
839,e5f9e61ceb5f523cc966e0f34095032f,88353,brusque,SC,-27.12335975116784,-48.911669671975304
840,ad97a199236354e53fcd91a5a913e9a2,88350,brusque,SC,-27.107621785804895,-48.93726397728216
841,3606774ec64634822d78dc2db6d37045,9510,sao caetano do sul,SP,-23.615556440781152,-46.57166990048411
842,94165aea8a35c3c21499cbcae239b16c,38412,uberlandia,MG,-18.95005500338459,-48.31118002823031
843,c8665a4dd081a2c436b1cd921079d0d9,14750,pitangueiras,SP,-21.01000725213904,-48.21929005048194
844,c7dcd301ecfe5ab7f778ac172cf74be7,30120,belo horizonte,MG,-19.918409279679256,-43.94017020472439
845,6c17baf138731a4aaacc3210adf2037b,14400,franca,SP,-20.539009300014076,-47.40125797243722
846,50c361bcf670d16f6df4d52de3dff924,4131,sao paulo,SP,-23.606967621468314,-46.618096741831714
847,32e5635e63cb374eb63afdd242fb6134,22451,rio de janeiro,RJ,-22.97517107056021,-43.24357160448603
848,c1f12f926d0ba950578b4fa41115cbb6,4317,sao paulo,SP,-23.642892153926887,-46.633156549014885
849,8602a61d680a10a82cceeeda0d99ea3d,1001,sao paulo,SP,-23.550312214055925,-46.63403045780417
850,c3acdfac4e3e97ff87529454fbc03642,5705,sao paulo,SP,-23.627335358076856,-46.721910151266556
851,fde0cc9ea29c8ccfc0a2c22256a58c71,81650,curitiba,PR,-25.49292249440385,-49.235697837206516
852,e63e8bfa530fb16910dd6956e592bb81,7160,guarulhos,SP,-23.41168047202263,-46.446657416452716
853,c4f7fee5b0db50e87766f5a4d1b1b758,18085,sorocaba,SP,-23.471718541358193,-47.435272632355776
854,d7485b33791774c36108f8c69602d48d,81020,curitiba,PR,-25.49075902808783,-49.28690500127513
855,515d781150feed28a6ac091bb0e3cb8c,79090,campo grande,MS,-20.47750405144616,-54.64897561436884
856,e908c0f3646e8b60375734a350d95d71,1226,sao paulo,SP,-23.538762710814552,-46.65296181708486
857,2646baaf662d4d92ac48f047e35db92d,3303,sao paulo,SP,-23.544951750113356,-46.584859570025095
858,13fa2a6c6b9d0f43cb588d7c82117a12,3567,sao paulo,SP,-23.539955748909847,-46.489604322295776
859,5343d0649eca2a983820bfe93fc4d17e,9270,santo andre,SP,-23.640662208083295,-46.494399916579006
860,7c9130f5f3729edd32aa059141d92484,17400,garca,SP,-22.21121761288043,-49.65852295736749
861,e4ebd3f87bf70440014f07ddda7fbe03,19470,presidente epitacio,SP,-21.77290009231687,-52.116870561345884
862,33a17d60c64393351ebf1ef860f4e0f2,91510,porto alegre,RS,-30.071006730725347,-51.17791780431014
863,640e21a7d01df7614a3b4923e990d40c,14940,ibitinga,SP,-21.757225105309477,-48.82954113566027
864,d57e18d5f73c7ccb7f7339b61166898d,3613,sao paulo,SP,-23.519139628974912,-46.533368518678124
865,dd2bdf855a9172734fbc3744021ae9b9,31255,belo horizonte,MG,-19.86963430072193,-43.950959989265286
866,9d213f303afae4983637247556438ede,14940,ibitinga,SP,-21.757225105309477,-48.82954113566027
867,aadfe0417e61315688b6bd7043361e25,74340,goiania,GO,-16.717493095089143,-49.310676637653465
868,079d295dcbf06ee8bb1b65ba964eb2b6,2124,sao paulo,SP,-23.506046635852453,-46.57711100614267
869,55c26bcb609f480eb7868594245febb5,14910,tabatinga,SP,-21.73706334787352,-48.68756876841966
870,cbf09e831b0c11f6f23ffb51004db972,9726,sbc/sp,SP,,
871,7fdb0720c8d7c9075538b365dc8c3a22,85904,toledo,PR,-24.711284227637968,-53.74789122193225
872,933446e9a59dece7ae9175103820ca8f,81730,curitiba,PR,-25.50856745422061,-49.22660380826142
873,3f8247d0f772ffa58560e5c682521ad5,89211,joinville,SC,-26.33164627199984,-48.84970542893448
874,e46bc031f2c5bae4ccb40bb90712e9b4,5174,sao paulo,SP,-23.48045169107602,-46.74269472585938
875,4aba391bc3b88717ce08eb11e44937b2,45816,arraial d'ajuda (porto seguro),BA,,
876,fcba71d4d5db057f43249145e4eb1e27,13481,limeira,SP,-22.600556474252752,-47.40776690336797
877,c747d5b92c7648417faea95d36d763e8,61800,pacatuba,CE,-3.9469539799532605,-38.6140370322388
878,715bbd5ba4e6b74cb0d2f29eb45058b0,13930,serra negra,SP,-22.61618709340345,-46.71042892850524
879,1430239a858e7682bbc43b20758af153,4087,sao paulo,SP,-23.609375889023017,-46.660573848604095
880,bb7a14e229b1c95156719c3d9552eeee,23095,rio de janeiro,RJ,-22.86902739598968,-43.55555140912614
881,d598f929fc44e1e38678e7f47250ec04,73801,formosa,GO,-15.541428321061172,-47.33776053845664
882,edc518ba25576a0188a0e8f2c3af186f,7023,guarulhos,SP,-23.47773926540746,-46.54186292119741
883,4c18691b6037662be2df78a765d98ab5,3167,sao paulo,SP,-23.55627449106875,-46.59425078958242
884,8f2b51a30523cdecddc2f179f351c7d6,4833,sao paulo,SP,-23.74047446690663,-46.70382071483224
885,6b536a23086fba0d58c08d68814397f6,24346,niteroi,RJ,-22.950594666863903,-43.02679090801053
886,95f83f51203c626648c875dd41874c7f,37564,borda da mata,MG,-22.262802188522702,-46.170735100123686
887,6b243f80ed07b10f0e8aa0f21a205f3c,81825,curitiba,PR,-25.528809229150262,-49.276057531526426
888,e7f3bf1ecd8526eb7f3b18059e6716e5,11680,ubatuba,SP,-23.453497630299413,-45.093703696151486
889,4d600e08ecbe08258c79e536c5a42fee,85988,entre rios do oeste,PR,-24.703470040297063,-54.240539117702625
890,2089a6d640999f9b9141ac719b2af596,13566,sao carlos,SP,-21.999487918336282,-47.88786935278431
891,2a167ca73899c85001a837d8fb4962f6,37540,sao paulo,SP,,
892,458c6fa920810ce2492da71bc26d9eec,15813,catanduva,SP,-21.128873359894232,-49.01726943140035
893,7494d0dcba8551df6cf37f1b905dc2f7,11013,santos,SP,-23.938839327667406,-46.326237431738484
894,698f5fa55a5f73d0740e9d9a773e8093,20751,rio de janeiro,RJ,-22.883848522306025,-43.30564273023548
895,4f0d637c1197fd65405ebd755ac9f86b,6768,taboao da serra,SP,-23.607693000000005,-46.75265774999998
896,3969863bb8af7f72580b3b1ffd3a17b3,3550,sao paulo,SP,-23.531455678383224,-46.50727859361229
897,2a5b78b41cd05baeac8df54c6606b92c,35570,formiga,MG,-20.462288456392713,-45.43342550961002
898,1f7dfad2cb384ea4d2d7e1ffbd78c407,1139,sao paulo,SP,-23.52040307916603,-46.666370878631554
899,08f5819815f3d06545011850bd70f0a8,11075,santos,SP,-23.95426278142645,-46.33766255766887
900,b32be1695eb7ec5f10f72d9610a12527,95012,caxias do sul,RS,-29.172757663583155,-51.210401188875736
901,b94cc9f10ddc85e4ba73a6f7974e7101,27930,macae,RJ,-22.40080288036707,-41.81484893344413
902,53243585a1d6dc2643021fd1853d8905,42738,lauro de freitas,BA,-12.893814632133868,-38.33893569150663
903,6df688df543f90e9b38f4319e75a9d88,31230,belo horizonte,MG,-19.896561569528053,-43.956966850039315
904,7f40d06aa0b5f1aa4f41af8c0480e2ef,13506,rio claro,SP,-22.391124182771183,-47.548853066468276
905,dd88d13bea9e4c2bf47daf224f8141e5,95900,lajeado,RS,-29.460820199051625,-51.966482632096465
906,72c38a04bd6a1c3dbc5298425a0db86d,85804,cascavel,PR,-24.98648075226785,-53.49356617221048
907,9e17b9d64683aebcbb9ee362d06463b4,14020,ribeirao preto,SP,-21.2003057274864,-47.80256738061809
908,b5bb2b985208834bd5bd86c7a402bbad,95800,venancio aires,RS,-29.611215299839454,-52.19417393034304
909,b1fecf4da1fa2689bccffa0121953643,79107,campo grande,MS,-20.432456942757216,-54.6721644190093
910,7b1222c3624aa89b9558b50a2594188c,15041,sao jose do rio preto,SP,-20.790962541044728,-49.417818294472355
911,e595809a6c31ec4314fd06ef198c244d,88370,navegantes,SC,-26.890554601735612,-48.655216397462596
912,ba6b68b55fe8704377a7d43c8e5c0185,30130,belo horizonte,MG,-19.931996557590267,-43.93228112770117
913,b8114f2f589a6804810f04f99b36b498,9633,sao bernardo do campo,SP,-23.654286415458294,-46.56701948898477
914,83d7070a0b9a8b4625fa8682b819fabb,6717,cotia,SP,-23.609279814450804,-46.91780970449471
915,570d4583587a5fe2d47c7be89b91ad27,2220,sao paulo,SP,-23.489804745555258,-46.57805772509939
916,9591fc341b1bfb7ef561e2968ec6e011,4456,sao paulo,SP,-23.685617809494214,-46.678313102013384
917,0af977692321d895349eded183341d28,11070,santos,SP,-23.956116523979436,-46.34427931872522
918,b33aaadd1a8891d2dfef0c4c3bdf0371,13481,limeira,SP,-22.600556474252752,-47.40776690336797
919,5d9dc90a686a8fddacffab6bab5653a3,6513,santana de parnaiba,SP,-23.461255490967474,-46.91590632420403
920,cc80e2f693fa6e2408f47ccf62413fc1,81050,curitiba,PR,-25.490156819212228,-49.3022318506541
921,dee656f0f566ed1aa85bd137c943f08f,12701,cruzeiro,SP,-22.578480898503827,-44.961783454390364
922,ace601496e211a664100321f038f50af,2372,sao paulo,SP,-23.460248290530348,-46.624859816774276
923,d673a59aac7a70d8b01e6902bf090a11,14940,ibitinga,SP,-21.757225105309477,-48.82954113566027
924,966cb4760537b1404caedd472cc610a5,9920,diadema,SP,-23.681439913970667,-46.62268210114378
925,d4a5e99e0dd915df64ba55a7fbd583fd,5041,sao paulo,SP,-23.523883138055513,-46.69401056069604
926,6bcb2352a2a0c38b845f598298ab9d26,87050,maringa,PR,-23.43089558269375,-51.91815458314278
927,2c2c9832d1bb38c5b0034a3b47d313ee,97050,santa maria,RS,-29.689891453200662,-53.798099792742505
928,f3b80352b986ab4d1057a4b724be19d0,71200,brasilia,DF,-15.800168146206762,-47.96225418712332
929,b452cb0ae35044c4a53179c39f49fb06,18047,sorocaba,SP,-23.522078947674647,-47.463062807420734
930,0307f7565ff85b299b6e5ef162b1b1a9,15085,sao jose do rio preto,SP,-20.836055478387365,-49.38660230533204
931,ffeee66ac5d5a62fe688b9d26f83f534,15130,mirassol,SP,-20.81507602865099,-49.507089050663794
932,3bfad056cf05c00dabe2f895925d83b1,6033,osasco,SP,-23.560321556312243,-46.77804011762417
933,9aa388272ee334b6ae07bc73706e254a,36886,muriae,MG,-21.136388018041888,-42.399282851834
934,74bafed391319577bce6f4d2acc0589a,1311,sao paulo,SP,-23.56425542523942,-46.65264726326218
935,2b03ac196f5ed62ac483960fe0fa3b65,2510,sao paulo,SP,-23.512809248712077,-46.651776809478605
936,0b64bcdb0784abc139af04077d49a20e,92420,canoas,RS,-29.88526802875527,-51.17791532471876
937,0bfd0b434243adc5c2e1aa6baf19c6aa,22745,rio de janeiro,RJ,-22.934907176614402,-43.33370653181594
938,92d14edfb62ee5ae7fdff70b0f4e7233,9810,sao bernardo do campo,SP,-23.719376562169025,-46.56538174536106
939,5e105f5c9f63f5f1fd75d6cb942e55b1,15076,sao jose do rio preto,SP,-20.831733335893475,-49.35214660026992
940,2fb25ab44bdbeae6a4d816e0d0c9d500,27274,volta redonda,RJ,-22.508002485381862,-44.12981791033659
941,ed4311e67debd72b8610a5347a743087,7170,guarulhos,SP,-23.432884521452223,-46.4384445869608
942,5bf397d04035b5f45cc41e82ec106803,4144,sao paulo,SP,-23.620154106589016,-46.640551682208525
943,f9bbdd976532d50b7816d285a22bd01e,5319,sao paulo,SP,-23.53853266665322,-46.72746638584925
944,e3e15e2c0b9700561efac21c6be48066,5315,sao paulo,SP,-23.53371586276114,-46.73145032597889
945,a5bff0f43eb51f0cad7c37fac7244c8a,4827,sao paulo,SP,-23.721540634528964,-46.70167579324073
946,f52c2422904463fdd7741f99045fecb6,9230,santo andre/sao paulo,SP,,
947,14f2b3587172b9db894c9bad8dab520b,95240,ipe,RS,-28.801485530492968,-51.290652721356494
948,1354d51653f645349064725ed204e85e,1230,sao paulo,SP,-23.536751696778555,-46.65769095451024
949,eaaa46e98c9e61f6764dd1d7a2ab8b3e,59775,messias targino,RN,-6.079178863348905,-37.51419087572665
950,5b664594895aefb418afaee6d40a9a23,25750,petropolis,RJ,-22.335694870159465,-43.12597931657379
951,bf00385a5f7fc1ef39a13c2e9ee50a5f,1224,sao paulo,SP,-23.541607079975815,-46.65222778755376
952,391bbd13b6452244774beff1824006ed,13082,campinas,SP,-22.842360782688683,-47.10447361361512
953,c714262700f93defc16bf17a51a4cb23,2751,sao paulo,SP,-23.490573996478904,-46.68161033880187
954,bcd2d7510d58e293f20fad6438c1b314,81540,curitiba,PR,-25.466535662062196,-49.2216739159278
955,ec4608a1f76453166bb312b2968aeaf4,13660,porto ferreira,SP,-21.867396479393847,-47.47862930181371
956,5c603ffb38cbbf25a0e0698941324143,37004,varginha,MG,-21.5604585878741,-45.43177714214621
957,2bd05d410a8fd26dc4184a15f4f2f588,31130,belo horizonte,MG,-19.89186840428718,-43.942368830288096
958,4dab98ca6cd6d3df586203cefd28a042,91150,porto alegre,RS,-30.004383697817307,-51.11830891370757
959,293dee954235e4e4e43f129313625ebe,72125,brasilia,DF,-15.812749920987338,-48.06789033240743
960,cd68562d3f44870c08922d380acae552,14050,ribeirao preto,SP,-21.17296091786969,-47.82265435653519
961,082e0bf4cb865a6533b1e8e498cc0255,18608,botucatu,SP,-22.86581241535442,-48.461073070014805
962,c286ec035ee04ba81c97508f0b5df544,81320,curitiba,PR,-25.476285984296243,-49.318322591496894
963,dd8a29ce82d5c705ba932d81494600a5,8220,sao paulo,SP,-23.537543853197253,-46.4670302231102
964,41da412d33e8da4f22baf55cb1bde82c,29260,domingos martins,ES,-20.36202443550713,-40.68169578734027
965,782f78b632a43875dd5b53e3e49c9564,13030,campinas,SP,-22.924853869284313,-47.07411730856864
966,28405831a29823802aa22c084cfd0649,3644,sao paulo,SP,-23.52656124884743,-46.53347730543309
967,fe19dce63ae80346207c6c55713d1023,38010,uberaba,MG,-19.748524964815964,-47.936414060346834
968,a67780aba9dd436e7ac0aa1f889e73ec,19027,presidente prudente,SP,-22.112238126893725,-51.421301858080945
969,d594982fd877af63ace38ea1fca27c76,1031,sao paulo,SP,-23.541357903344544,-46.634942269447954
970,dda37071807e404c5bb2a1590c66326f,3282,sao paulo,SP,-23.587694227061455,-46.545897383342115
971,5bc55dbe2f12b6af6d83ed46023e0dc8,35170,coronel fabriciano,MG,-19.50674249694519,-42.62849774464592
972,b1b3948701c5c72445495bd161b83a4c,3390,sao paulo,SP,-23.59221360523816,-46.5259452173358
973,4e92348462c75b6c842b994ce84a0ed4,94930,cachoeirinha,RS,-29.942625455356414,-51.10765369617241
974,6e13dd869aa7185f601c941423abcc8f,5311,sao paulo,SP,-23.529496447921225,-46.74012215021559
975,723cd880edaacdb998898b67c8f9da30,14940,ibitinga,SP,-21.757225105309477,-48.82954113566027
976,00ee68308b45bc5e2660cd833c3f81cc,3333,sao paulo,SP,-23.55590637797668,-46.56929732823461
977,1fbe10c70e30765ed1de86d9f7e98409,9320,maua,SP,-23.659890692613775,-46.441375932172576
978,001e6ad469a905060d959994f1b41e4f,24754,sao goncalo,RJ,-22.871933321417536,-43.02695064485391
979,685b870da5b52a710782c9c0fefbeb5b,9820,sao bernardo do campo,SP,-23.742019373103492,-46.554472086435226
980,701938c450705b8ae65fc923b70f35c7,15014,s jose do rio preto,SP,,
981,f3862c2188522d89860c38a3ea8b550d,14092,ribeirao preto,SP,-21.1774947273759,-47.76831102590412
982,f5f1f2c5f923f36ad79ea1d07185ddc9,19820,taruma,SP,-22.74907766186417,-50.5790617994749
983,cf8ab1616079e2793aa29d524df01bb1,4088,sao paulo,SP,-23.60531821328211,-46.66071159379623
984,160851d3ece7aa1a510f8d1a4bb8a8af,17400,garca,SP,-22.21121761288043,-49.65852295736749
985,61c36f0fc4a47f9532e5512b66668e62,7043,guarulhos,SP,-23.48396868719898,-46.55120594292056
986,59b22a78efb79a4797979612b885db36,38414,uberlandia,MG,-18.921033755735365,-48.3299075304387
987,553a440137d6e0cf776aee0bb83ac9f5,13481,limeira,SP,-22.600556474252752,-47.40776690336797
988,ea8482cd71df3c1969d7b9473ff13abc,4160,sao paulo,SP,-23.625439622300366,-46.61208243927651
989,72bc2cce903c872fe376a8faaa81d237,4693,sao paulo,SP,-23.6784030216387,-46.69042121614131
990,65c255b299faf2d12050937cc219c46c,3060,sao paulo,SP,-23.53855744331035,-46.58665967606261
991,f09e26011d833ddab11593c1a097a92a,13632,pirassununga,SP,-22.01334407101607,-47.41518185119247
992,72c73be2b085b9d57650dd53eb2004c9,2116,sao paulo,SP,-23.52060186141475,-46.58565247827886
993,c2bda99904207edd1834f03e0022b007,8280,sao paulo,SP,-23.56045865590503,-46.47376405348434
994,3d4824f20035949c710eaf111f869d39,18015,sorocaba,SP,-23.502351815244957,-47.43176875148676
995,042573af89b6d931f672efaf789d8358,18015,sorocaba,SP,-23.502351815244957,-47.43176875148676
996,5b925e1d006e9476d738aa200751b73b,4567,sao paulo,SP,-23.612980492155653,-46.69036179870554
997,06bb3a2fe5e7b7a845b13e8fb91bd944,31844,belo horizonte,MG,-19.83845261907533,-43.91576070011078
998,5f5a58930c3c35f3b5af264f34fb8c85,14020,ribeirao preto,SP,-21.2003057274864,-47.80256738061809
999,fe2032dab1a61af8794248c8196565c9,13030,campinas,SP,-22.924853869284313,-47.07411730856864
1000,3092c0b297aacfb4bb6e056ebe13b9b8,7402,aruja,SP,-23.396746121357026,-46.31444193050599
1001,c004e5ea15737026cecaee0447e00b75,2035,sao paulo,SP,-23.496879363494262,-46.62286032877403
1002,8629a7efec1aab257e58cda559f03ba7,74223,goiania,GO,-16.708483297020035,-49.26764725685825
1003,1c56ffe0e9dea2657fc6e95b53f40b13,13575,sao carlos,SP,-22.033535940867917,-47.909200632275486
1004,74a9b9bddf14ece02beb81f52c41a88d,1156,sao paulo,SP,-23.529824028545978,-46.66481438631
1005,1cbd32d00d01bb8087a5eb088612fd9c,3363,sp / sp,SP,,
1006,850857dfac77488c307e2b1cbd84ab5a,85802,cascavel,PR,-24.96613120401719,-53.46640853099326
1007,e0a366315b1b726b6c7832d664c0f530,2258,sao paulo,SP,-23.475718641960515,-46.5815526705991
1008,4049512728d969bec69f84088b012416,30310,belo horizonte,MG,-19.947044090696068,-43.92850618699166
1009,120476eb7a04c149d14772edaf5d9bf2,23954,angra dos reis,RJ,-23.012491913121654,-44.537154342600466
1010,cd6efc47efaabf134f8bdb654e10b4f1,23050,rio de janeiro,RJ,-22.906629659072845,-43.56664268066649
1011,2a7c6c0b0d5efde2bf75ec1e1cec2d41,87015,maringa,PR,-23.428720105380464,-51.958302560417756
1012,4e17c65a516f69d023a2ae78b84f28d6,8673,suzano,SP,-23.538312293692385,-46.31803289529116
1013,a8739afb32aaa45e01815ca76f76f54b,9850,sao bernardo do campo,SP,-23.725705063160987,-46.58185771007283
1014,d4828feed4cda2cd9d6b37899a95a71e,63020,juzeiro do norte,CE,,
1015,e3d3b3efac954a60d61be70b7e05b49b,3370,sao paulo,SP,-23.570156356792914,-46.559245475383946
1016,d558ebe531605a1285ab2b1bc3256dfb,35501,divinopolis,MG,-20.16197713080603,-44.901595944380745
1017,c7a0a13cbcf29d5ce51c8f80afdc0b89,89170,laurentino,SC,-27.221346344779775,-49.73076074194027
1018,33ac3e28642ab8bda860a2f693000e78,6717,cotia,SP,-23.609279814450804,-46.91780970449471
1019,8936ba0de1073ee888cb3185ae5dc661,3372,sao paulo,SP,-23.571168046363944,-46.555513155758064
1020,18a349e75d307f4b4cc646a691ed4216,1319,sao paulo,SP,-23.552309387900298,-46.64103090039467
1021,a72c2f59332659e361d647515c698798,95270,flores da cunha,RS,-29.03613785421223,-51.18319995780463
1022,b55638ad525e906c698fa2ce742c1742,88780,imbituba,SC,-28.232438311255255,-48.68022343405556
1023,be9a160a9011f627c3e121d076c1ec7b,89256,jaragua do sul,SC,-26.48128535240248,-49.05905595707445
1024,ed859002ad59dbf8cf3602696a6c3000,86035,londrina,PR,-23.31057001794096,-51.135327573939136
1025,12b9676b00f60f3b700e83af21824c0e,95780,montenegro,RS,-29.688238317970825,-51.4687297294334
1026,ef2fbc2b607d8492bcffe657a4645434,20051,rio de janeiro,RJ,-22.903696274110427,-43.18246851511227
1027,a080fc8a850289b27500f6b49cca2553,3382,sao paulo,SP,-23.580019720208753,-46.531068813450474
1028,9c57bc60cfad5ee62d35d3f1ce4593a1,81200,curitiba,PR,-25.43705336323769,-49.33260673752005
1029,9539213aa8e023c01937bef95dc006da,3673,sao paulo,SP,-23.51490770507823,-46.50258565005907
1030,69a43819c758c65a5befb0b471c954d7,86802,apucarana,PR,-23.568850766896933,-51.46874786793278
1031,8fdca8e349553f99bc738833a62c8802,2189,sao paulo,SP,-23.507827370272636,-46.56760364019851
1032,0bb27263628258b8111a0262769fa9db,3077,sao paulo,SP,-23.53197652419758,-46.58026356659587
1033,08061dc0fc165ed41288cc7acde738ee,6036,osasco,SP,-23.554925909034864,-46.7764748547671
1034,4ebdc7e6cd6102a022dadc49156d4ea8,5030,sao paulo,SP,-23.54201552856757,-46.69189707375289
1035,f918546be4bec7104d117789ba758b2b,5634,sao paulo,SP,-23.604369453103104,-46.739466645537576
1036,eb4a59a06b3948e851a7d7a830bcbc42,41820,salvador,BA,-12.98275505328576,-38.45727196442355
1037,80146bc52c4f6af5239b23de2a20262b,6753,taboao da serra,SP,-23.60218556158251,-46.75640495661874
1038,4091f77d8c768fc3e81c20761471761d,3059,sao paulo,SP,-23.541370894073427,-46.592350255001435
1039,0dfbed20065e425d2eaefb101f9816c0,13660,porto ferreira,SP,-21.867396479393847,-47.47862930181371
1040,26bad72add1f86e08a776ce4ffdaf1ca,14470,pedregulho,SP,-20.248722345093277,-47.47751011096898
1041,e174dc2de86d60fee178170a154c05e7,9210,santo andre,SP,-23.63704653483596,-46.52810977901231
1042,612170e34b97004b3ba37eae81836b4c,93542,novo hamburgo,RS,-29.684512939861328,-51.09266105005027
1043,2a84855fd20af891be03bc5924d2b453,30111,belo horizonte,MG,-19.91916213742423,-43.94431129487232
1044,cf2384dd2f1dddea3f838efed0945e65,13930,serra negra,SP,-22.61618709340345,-46.71042892850524
1045,377bc18334c78dd2f1535ef22a3ad225,83015,sao jose dos pinhais,PR,-25.562212219944477,-49.16925961900535
1046,439a47cc365d6e3bd526812ea9de3c29,8730,mogi das cruzes,SP,-23.535209824178995,-46.20152584037477
1047,6ba4733aa33f6386e9fb0c0fd3993b38,95560,torres,RS,-29.339175166485482,-49.74440658063
1048,4b39558c138930b9e5489c93b6df5fe3,49055,aracaju,SE,-10.912969068697901,-37.06181187947544
1049,4b9750c8ad28220fe6702d4ecb7c898f,13484,limeira,SP,-22.555799134089735,-47.42067186559312
1050,278b6e0b20c4f61fefaa0577943d7a35,88316,itajai,SC,-26.943897890137535,-48.71972357548887
1051,ba8e85df286308fe68a2ce83a8f8b2d6,88135,santa catarina,SC,,
1052,2059c39f76271d4ca3f15b5ffaccc8b8,81930,curitiba,PR,-25.56181825614682,-49.28025542004594
1053,5a05a16bb50629ee31afab8a6d4c2674,95076,caxias do sul,RS,-29.17808030258512,-51.148415929149984
1054,edb65fe661681b1c0de8bd47c8655855,8111,sao paulo,SP,-23.491543405302107,-46.379009336893844
1055,8cbac7e12637ed9cffa18c7875207478,89254,jaragua do sul,SC,-26.4708938653165,-49.115804151541674
1056,fdb9095204a334cd8872252ffec6f2db,3331,sao paulo,SP,-23.54972297818021,-46.5805405943865
1057,0cab2da43793a6f3c5ed8514c5f54627,80060,curitiba,PR,-25.43006308304056,-49.261120220323384
1058,5b97c06a046398e7005b2b7c0d707a92,38770,joao pinheiro,MG,-17.729274411557014,-46.16482825391103
1059,aae3bfea055532c57fb453ed3ec80b30,9271,santo andre,SP,-23.64330826430687,-46.49955196149397
1060,866558b3bccef2dbc6d29a2b5995016f,86706,arapongas,PR,-23.428054441202196,-51.42415470935767
1061,cb5df0dcb9e280b1780e9d589889f2c7,15115,bady bassitt,SP,-20.917201808214948,-49.451017112869714
1062,9bcdfa7b615b3abb9461d9e3ad9886ae,89053,blumenau,SC,-26.87765511023463,-49.081188262991375
1063,271c58a1d139c45eaf3316107c6d3a3b,3632,sao paulo,SP,-23.52835248478291,-46.549278846246374
1064,2dee2ce60de9709b1a24083217181a1f,78552,sinop,MT,-11.834704656670672,-55.5081454221622
1065,a154d7316f158bb42e6fa18bbe3afd3a,3804,sao paulo,SP,-23.498856259740943,-46.48325182439697
1066,f84fa566034f5e8e880a07ec624c56af,13330,indaiatuba,SP,-23.08584137431789,-47.21665233680304
1067,4c1c7281388a33dd06daac44f9fadbd1,17510,marilia,SP,-22.19711573505917,-49.95230373486624
1068,2063dd1b9f568df1c16741ea7d3e6adb,85065,guarapuava,PR,-25.381497295073594,-51.45415438548506
1069,9cea4682e16655f7da87f406902e989e,83707,araucaria,PR,-25.54376280150683,-49.35968174669184
1070,b1ac6ea7895bc3dd6f0f6f4abbdd2821,92030,canoas,RS,-29.919178160744405,-51.14516373810683
1071,851773c885feb5e2da3b4f82bc2b17ce,18683,lencois paulista,SP,-22.601734251486832,-48.80743512982648
1072,0ff83046c3fa22efee8ecf291888b191,95110,caxias do sul,RS,-29.191779938293532,-51.2306441912568
1073,2b2fed75b8e5ea3a052fc4c0825da485,36015,juiz de fora,MG,-21.757257673135634,-43.35418767913037
1074,9f50216bfd01913736a55a11b55ea842,12020,taubate,SP,-23.023849868977216,-45.55958568125225
1075,2d518637f53161b973e01f56ea4bb88e,2992,sao paulo,SP,-23.448926681925148,-46.728836037714245
1076,aafe36600ce604f205b86b5084d3d767,88115,sao jose,SC,-27.543235131232496,-48.6348709566151
1077,efff9341f3f8f5237b44ff67ed36a7bf,29090,vitoria,ES,-20.259188822751113,-40.26697677868945
1078,a7d0f8dd44f57ef6de7f7f02e3d82630,3225,sao paulo,SP,-23.58470313589219,-46.55634936382502
1079,5b07547f10dd980738a1a27f685af669,7013,guarulhos,SP,-23.47269510194392,-46.52614416334941
1080,a99504ac23ed125aaf5302af6cc30af9,14300,batatais,SP,-20.89293531235417,-47.58472428382266
1081,5882820ef11c4c068eea0677a7a879b4,95082,caxias do sul,RS,-29.17794003248827,-51.17312340667026
1082,7357b52d27cbaa90f81a96cbc1279396,33400,lagoa santa,MG,-19.638052954515953,-43.899262258884605
1083,180c3376aff0e43dd5788709df48a843,9911,sao paulo,SP,,
1084,b4b447d715f9ab302a188fb43d3e96b3,4711,sao paulo,SP,-23.628886575466687,-46.70043579203628
1085,5e25c632f9db6cfb8bc100421c2737b6,89801,chapeco,SC,-27.099079161673956,-52.608486980455886
1086,f4c4daa86e30c7e5a553a8d518ac03a5,85801,cascavel,PR,-24.958865574594334,-53.46271849373341
1087,398cb257329ef7af7f1943a8974a3cbc,40285,salvador,BA,-12.989205043327871,-38.487238590857494
1088,4003520d80d0bad1d5623f7aa3c63cda,20520,rio de janeiro,RJ,-22.926392906158146,-43.23205184603426
1089,3289d8c3eef4873f91ce0b1343c0dd58,11701,praia grande,SP,-24.008185076975675,-46.41921155863092
1090,b0f2a6122a90a93eb03e68653dd960e3,80710,curitiba,PR,-25.426704609661925,-49.298431191096924
1091,6c1b6d0c604b776f844125f911eb7377,5051,sao paulo,SP,-23.527428421309914,-46.69668666313515
1092,c4af86330efa7a2620772227d2d670c9,8840,mogi das cruzes,SP,-23.482110414796576,-46.13885763575094
1093,a888faf2d1baececa6baf9c3d603ee1f,87502,umuarama,PR,-23.758681645959964,-53.29655313761005
1094,681fce914360217db47784ae28905a96,83709,araucaria,PR,-25.612925991461818,-49.37264831713456
1095,31be790e64fc99f8ff48ec2bd18a3104,9690,sao bernardo do campo,SP,-23.672359992112895,-46.589754075938586
1096,7b3447b497e55af8c15fc7bd89d7b81a,8225,sao paulo,SP,-23.529905969430292,-46.46162949176682
1097,e560e4022d8f7aebf155db95946c5c0f,31110,belo horizonte,MG,-19.904659467905173,-43.93695309487866
1098,2f9b7ce230a057a98a9f5df5893ee36c,6460,barueri,SP,-23.498805124868884,-46.8314433733296
1099,41b39e28db005d9731d9d485a83b4c38,9220,santo andre,SP,-23.624060894767467,-46.53616062396538
1100,809413606dbfe5deefd2db646693ef67,4602,sao paulo,SP,-23.6221978601335,-46.681318337330936
1101,609e1a9a6c2539919b8205cf7c4e6ff0,88359,brusque,SC,-27.14866003862787,-48.95773034170955
1102,c3e2398fcc7e581cda2e546557bf6968,4781,sao paulo,SP,-23.685280250519224,-46.703875082353825
1103,740205fedfe4e90ca6857bc77db0f2b4,95055,caxias do sul,SP,,
1104,c79151301b9d90985d1fa52879213105,87083,maringa,PR,-23.38848692813225,-51.95474325968031
1105,3e46a38ee171c503c3b4a3f23fe3bf0c,18040,sorocaba,SP,-23.50558801312256,-47.469820367393346
1106,3d4b1ae7539303b5704493798893e82c,3244,sao paulo,SP,-23.602329728897097,-46.54009723002406
1107,bdf0d02d36a1d839d0c39c4a887cdd49,16200,birigui,SP,-21.29514956103053,-50.34302941703419
1108,65a7c0788e4d632ccb5e1b594b87f0bb,5782,sao paulo,SP,-23.650801846558608,-46.76649154324194
1109,d7f1cfc638473be93baedbfd02208016,26112,belford roxo,RJ,-22.749240385137405,-43.40241681414681
1110,001cca7ae9ae17fb1caed9dfb1094831,29156,cariacica,ES,-20.27922391896834,-40.41151357498256
1111,7f35f9daf223da737b78738fbae4d977,13272,valinhos,SP,-22.951325444734987,-47.001585317467736
1112,2eb70248d66e0e3ef83659f71b244378,13101,campinas,SP,-22.914421937704635,-47.01405575674789
1113,6061155addc1e54b4cfb51c1c2a32ad8,13043,campinas,SP,-22.934629831946673,-47.041352790036925
1114,8b87cd0d43d49b9bdf40f56229364d59,4111,sao paulo,SP,-23.586625990639952,-46.63227010419831
1115,52a50b42accf164f9f019941e5759d9b,13820,monte alegre do sul,SP,-22.690776957487298,-46.91839394946561
1116,c6bda72e4dbf5c5866b13cb1810c6d03,3087,sao paulo,SP,-23.53032835074451,-46.56816072944064
1117,270572bb714b00531be85e16e1550f26,9370,maua,SP,-23.67983996954917,-46.46503937614395
1118,16bdc8cefd0e32a6f0824d296c5ad14a,12903,sp,SP,,
1119,4a82c4af97ffc0fb2dc26bfdc03b1842,35590,lagoa da prata,MG,-20.02433949201126,-45.53711101921905
1120,3985a3c45be355a4c57fde108bfabd1c,95690,rolante,RS,-29.648842219490707,-50.571851286829094
1121,07e8e8fc5222bb358e6f259da3197074,4216,sao paulo,SP,-23.5957955989286,-46.60077395418389
1122,cd06602b43d8800bd0afad514919d35c,4119,sao paulo,SP,-23.59678534060457,-46.63458405311576
1123,8f0fbe2cd4d472157dc1cdef6edecaa9,2755,sao paulo,SP,-23.48798835761082,-46.67981816995301
1124,f44b6f775a2b390380e0e30b5c9d3eee,3057,sao paulo,SP,-23.540667590921448,-46.596089372995856
1125,365e4bce19bda0082c3d15d83fdb8bcd,9570,sao caetano do sul,SP,-23.632450248586665,-46.56427188626471
1126,2e0dba2da448400b1c11d7b4b22f32a4,9070,santo andre,SP,-23.64379660186201,-46.54703342622695
1127,e882b2a25a10b9c057cc49695f222c19,25963,teresopolis,RJ,-22.41746426041762,-42.976888529918185
1128,734def04b237117a09321dd6d8f3f2a2,13604,araras,SP,-22.33645991579973,-47.380722265875434
1129,28c7d8743fbc8679f484868cc0fcaefb,18480,itaporanga,SP,-23.70558483961311,-49.48637969665622
1130,9baf5cb77970f539089d09a38bcec5c3,13330,indaiatuba,SP,-23.08584137431789,-47.21665233680304
1131,e3dd723429d1b23614b7fa85e2c7a853,9810,sao bernardo do campo,SP,-23.719376562169025,-46.56538174536106
1132,f4a04f7be452aa3bb31760bf00055dd0,9010,santo andre,SP,-23.65978303063846,-46.52498222501542
1133,dbc22125167c298ef99da25668e1011f,37564,borda da mata,MG,-22.262802188522702,-46.170735100123686
1134,bc302730ea8cf49b5c74f579febb5bbf,13015,campinas,SP,-22.90411282146143,-47.05655743515298
1135,e64ddbe1cbcf4f2fc3092b7c481f3f9d,3513,sao paulo,SP,-23.536756107489893,-46.52266384814518
1136,56e361f411e38dcef17cdc2a3d99628b,7113,guarulhos,SP,-23.46323515510949,-46.518458476905565
1137,048c2757535328e0d7dac690ad3c0aae,14406,franca,SP,-20.53539287198547,-47.435349149812716
1138,bdb3edbaee43a761e2d4f258dc08f348,18680,lencois paulista,SP,-22.593970188666177,-48.79956536409763
1139,b127efdabeffb5d559349c7b172eb75d,4308,sao paulo,SP,-23.64643942067267,-46.63937121462779
1140,951e8cef368f09bb3f3d03c00ca4702c,14940,ibitinga,SP,-21.757225105309477,-48.82954113566027
1141,33d677f27a69b84051204ee4ae76eaca,89218,joinville,SC,-26.272445595346777,-48.86136786128232
1142,b88e7c57cb2d8b973b7dd4a2bfa14b36,81350,curitiba,PR,-25.501972072457498,-49.333548274317955
1143,1967a9e2ad6f51802b093147d861df58,1209,sao paulo,SP,-23.540705057964935,-46.64148263449229
1144,9da15f4a4ea758d9eeb49000dbe57e22,6290,osasco,SP,-23.52090866096238,-46.771679259568344
1145,d91fb3b7d041e83b64a00a3edfb37e4f,11704,praia grande,SP,-24.026311023483174,-46.47870463802197
1146,749e7cdabbaf72f16677859e27874ba5,7122,guarulhos,SP,-23.44891169583897,-46.51820048155778
1147,3d5d0dc7073a299e31fa718ce1bc00b6,22785,rio de janeiro,RJ,-22.977648307427252,-43.49179455939064
1148,688756f717c462a206ad854c5027a64a,7094,guarulhos,SP,-23.454069341646484,-46.538351158387144
1149,56a8b450e802502ba53a9885ee38e29f,9895,sao bernardo do campo,SP,-23.7024354146123,-46.5704093524729
1150,9b00ed88b7fdb95d6ff76e27c1b52d16,8215,sao paulo,SP,-23.53993019841148,-46.44464537589186
1151,4be6b962d83299498bae2190f95d6566,13561,sao carlos,SP,-22.01300479433953,-47.90569493342283
1152,c13fb473e7cb8b83ccd543c094df0608,5319,sao paulo,SP,-23.53853266665322,-46.72746638584925
1153,17998cf586426bf0f2c3726cb0a4b211,30710,belo horizonte,MG,-19.913311744754374,-43.95953995655717
1154,c88f62b4c386a59281014d677864d016,86707,arapongas,PR,-23.42476867030219,-51.43381503676828
1155,c864036feaab8c1659f65ea4faebe1da,83605,campo largo,PR,-25.451026651084746,-49.55895692652492
1156,8d899e15a5925f097cca50faa49b15e3,18131,sao roque,SP,-23.531816387514457,-47.1481273741327
1157,79565f7d5603b24ddf07ade262547f2f,14804,araraquara,SP,-21.770058832461423,-48.20126698201929
1158,ba143b05f0110f0dc71ad71b4466ce92,2274,sao paulo,SP,-23.4669315545554,-46.58818769701014
1159,4e0d109ccfba9a1151c103049880c857,25550,sao joao de meriti,RJ,-22.775813791456535,-43.38230078580163
1160,89dda63a3c907c468ec88c310ed91213,9380,maua/sao paulo,SP,,
1161,c522be04e020c1e7b79f3acff36513d5,6501,santana de parnaiba,SP,-23.444194425336605,-46.91524681442221
1162,5f5b43b2bffa8656e4bc6efeb13cc649,4880,sao paulo,SP,-23.785919850442575,-46.72184256756173
1163,87f3e35268860433e13d577825aada95,12955,bom jesus dos perdoes,SP,-23.13615009017671,-46.46849452153861
1164,c5e60e39c0f42b8e827daa13cff74afa,3449,sao paulo,SP,-23.556227649713584,-46.52285873241601
1165,bca9230d3bbb4efa51872bf605a2f1ad,4296,sao paulo,SP,-23.62009972115205,-46.60497390850939
1166,4bc3d93e4a5f88a598d3d8ce4ae510b3,4564,sao paulo,SP,-23.612254208405364,-46.68586449650822
1167,6e864f5c4669eff3d98140a07cc50202,5639,sao paulo,SP,-23.60884033133509,-46.7417447108136
1168,7bcd7c5f8631701474db233ccf1c094b,2047,sao paulo,SP,-23.517709186245636,-46.61709040463799
1169,8b2d4ab22f42c5cfc338b846decfda60,83820,fazenda rio grande,PR,-25.64563964369026,-49.302004862541274
1170,d9bd94811c3338dceb4181f3dbc0c73e,4186,sao paulo,SP,-23.648203482894157,-46.59544229151689
1171,e70053bf73d1b5863932e53a9fa47496,5059,sao paulo,SP,-23.533493438448822,-46.7113009791481
1172,dbd66278cbfe1aa1000f90a217ca4695,5588,sao paulo,SP,-23.576556741831073,-46.742064761317714
1173,e7d5b006eb624f13074497221eb37807,9291,santo andre,SP,-23.645270119150922,-46.51933372371325
1174,6c9875b2f94ba781186f0c1aed8d1687,17380,brotas,SP,-22.281994475802833,-48.12501314132325
1175,d63f306de130e0391d38a792541723b8,3236,sao paulo,SP,-23.594481867302942,-46.55251646080432
1176,2f74af7a0ee5636f12c2336f9fffed47,2376,sao paulo,SP,-23.45758139027741,-46.62810369318369
1177,c7fdb77fdbff3c41981bc52f787e959e,9111,santo andre,SP,-23.673238738080425,-46.489113668570745
1178,04fdea0c111866e6cf812f1570d6b5bd,8411,sao paulo,SP,-23.55417094689908,-46.412372211535995
1179,63b464dbf392c7b80d12d932fa7cafed,2034,sao paulo,SP,-23.503704886078634,-46.624061413385164
1180,747c1cdcd1737dcfbd1547f6eb6f2cf3,14940,ibitinga,SP,-21.757225105309477,-48.82954113566027
1181,2b402d5dc42554061f8ea98d1916f148,44900,irece,BA,-11.303887341923444,-41.85635341137604
1182,9c068d10aca38e85c50202e17b4a7e88,79400,coxim,MS,-18.506597819337028,-54.74755762906914
1183,7c67e1448b00f6e969d365cea6b010ab,8577,itaquaquecetuba,SP,-23.486137655362946,-46.36710748341028
1184,9ef932e837d8b7f392c0bfee9d359dc2,14940,ibitinga,SP,-21.757225105309477,-48.82954113566027
1185,d8bf0fc082fd4a77fc2e5679b6c00133,3184,sao paulo,SP,-23.564018971624087,-46.58650454245892
1186,66dc1b1632bd6a3e508510c5b3492107,17210,jau,SP,-22.284657795287508,-48.53488757607639
1187,a7ecf689b40a44361e259b28939023e4,29102,vila velha,ES,-20.368738710847147,-40.30788517695972
1188,939e6227d6964a11a70aa91243e418f2,36408,conselheiro lafaiete,MG,-20.65349144349599,-43.79797877421146
1189,db1f0f7c7e5e87f40b62226f020bb297,83322,pinhais,PR,-25.458133138746234,-49.18509740532563
1190,91f0eec23d4a61d7d7caeefa3f0ad1ca,88704,tubarao,SC,-28.47638879250021,-49.01303050443123
1191,edf3fabebcc20f7463cc9c53da932ea8,8320,sao paulo,SP,-23.626915144628455,-46.47372214949027
1192,b335c59ab742f751a85db9c411a86739,38442,araguari,MG,-18.64497831307153,-48.20519323318797
1193,c24173065483e421f9e5e7f599de101d,3548,sao paulo,SP,-23.54061631741255,-46.510585427948754
1194,01fdefa7697d26ad920e9e0346d4bd1b,86050,londrina,PR,-23.331632381784555,-51.176353610323
1195,d9e8c084b68fe958861d8f2c21202e6b,5528,sao paulo,SP,-23.59480625549671,-46.75691969779515
1196,466222e777149751370e7e98fb623b0c,20931,rio de janeiro,RJ,-22.880671289882176,-43.21865892910003
1197,43f8c9950d11ecd03a0304a49e010da6,6341,carapicuiba,SP,-23.572512867924605,-46.819261861618564
1198,4450bd8327d471c4a11a83d1445b1b62,6714,cotia,SP,-23.59949738729863,-46.872113524635076
1199,257e61d3251fb5efb9daadddbc2cf7ca,86804,apucarana,PR,-23.540817784907063,-51.45152560831084
1200,5d76d80a2f5f39c891b996a1bf4c9853,5727,sao paulo,SP,-23.626615218578173,-46.739047137739334
1201,e5def42655b7490edac5a56fe8e9e603,13900,amparo,SP,-22.703135389815664,-46.765885899422265
1202,091065b789659bc3cd9af9cb3a6253ff,92120,canoas,RS,-29.949963892773052,-51.16837995659396
1203,c74f14c1e26cf1bd5bd34b6a1e274426,89900,sao miguel do oeste,SC,-26.733235060718414,-53.518463955139126
1204,c26a2be5b53b7db6b276280da212a779,28630,nova friburgo,RJ,-22.248759021634378,-42.5431384779408
1205,cfa5ab0e4d3fc212fd0b3410e7081c62,36500,uba,MG,-21.11740463639981,-42.94327379563773
1206,19d62d484cba71963c93f0f00ab42013,89114,gaspar,SC,-26.935415283430633,-48.93779770062289
1207,6750d71153f00fc58829af2a8ef1bcf1,28800,rio bonito,RJ,-22.71197228755435,-42.630201171688654
1208,c60b801f2d52c7f7f91de00870882a75,7174,guarulhos,SP,-23.42482284619016,-46.41993261572466
1209,b57e8460909fa137df7951b4a3b5ea84,90640,porto alegre,RS,-30.051544173840586,-51.20264990592697
1210,eeb6de78f79159600292e314a77cbd18,88501,lages,SC,-27.817961265508973,-50.33084541862557
1211,abe021b01ba992245271b9aa422032df,80420,curitiba,PR,-25.437665503745563,-49.282161231577675
1212,5305693ffae2d3463377b1f6fe67b15a,16300,penapolis,SP,-21.420857288610094,-50.07666017641275
1213,f049a72cf58fd31b11f8919cade515e7,1023,sao paulo,SP,-23.542261627960233,-46.63128832204523
1214,e51f22821f0c12a16ad5c020cdcd55e9,6341,carapicuiba,SP,-23.572512867924605,-46.819261861618564
1215,a2a41aedb70551d4a85aa04dc2fced48,4447,sao paulo,SP,-23.6856686456064,-46.68102443907702
1216,4bf2f4ee540798a61f9636d12cd9cc80,19814,assis,SP,-22.657090069309614,-50.40949692914255
1217,c0e0b73d039eb9a99b6ce4cb7a429cd3,89170,laurentino,SC,-27.221346344779775,-49.73076074194027
1218,19484c79cef6c062cb177aa4ef2fcc3c,13275,valinhos,SP,-22.97950373096856,-46.98515156934542
1219,25e6ffe976bd75618accfe16cefcbd0d,5503,sao paulo,SP,-23.570655660066144,-46.70942672142312
1220,9dda5bbacd45e18d6485fee649205d09,37540,santa rita do sapucai,MG,-22.246571164306314,-45.70673437941273
1221,2528744c5ef5d955adc318720a94d2e7,13202,jundiai,SP,-23.20475837620852,-46.872001854614346
1222,b8d890108a7a80e4f5d59eea9f362438,81110,curitiba,PR,-25.501109020072086,-49.29032653810762
1223,2c9005d8043aff18b8557ffb7b13cda4,29304,cachoeiro de itapemirim,ES,-20.857485062320926,-41.11645260534346
1224,062c325cd6a2b87845fab56b4ec2eeae,8150,sao paulo,SP,-23.518616184980562,-46.41475919851356
1225,1d8dbc4f32378d715c717c1c1fc57bae,86706,arapongas,PR,-23.428054441202196,-51.42415470935767
1226,fc906263ca5083d09dce42fe02247800,31030,belo horizonte,MG,-19.90586856109598,-43.92390204902116
1227,1d2732ef8321502ee8488e8bed1ab8cd,20031,rio de janeiro,RJ,-22.90944638719964,-43.18023952743163
1228,626ab1cd96932367f0eeec2e47046c12,5048,sao paulo,SP,-23.531492240533034,-46.69766755435701
1229,a70e9066dbfd10b6b97a3f54a1356762,86975,mandaguari,PR,-23.522031464520428,-51.678106877988306
1230,ce69a8021d18961dd2a40269b7c2c293,81070,curitiba,PR,-25.482961231196978,-49.30348234969548
1231,9596c870880d900012f2e8e6e30d06d7,37074,varginha,MG,-21.59036977060825,-45.447447493675206
1232,4b98b0428fc1932cc2514ef9ce2505e6,6795,taboao da serra,SP,-23.61301741721878,-46.79759373793231
1233,1da366cade6d8276e7d8beea7af5d4bf,36500,uba,MG,-21.11740463639981,-42.94327379563773
1234,a3082f442524a1be452e3189e003b361,81560,curitiba,SP,,
1235,a56a8043ebf66e42119618fb8cf232c6,89219,joinville,SC,-26.252450510203758,-48.87164315773846
1236,184725737946a1a938bbbd1a9e978103,9370,maua,SP,-23.67983996954917,-46.46503937614395
1237,3820c6537b3853be1a0687d5a60807ec,6717,cotia,SP,-23.609279814450804,-46.91780970449471
1238,244b04680fdbded0acf5aebd9c92b44a,13211,jundiai,SP,-23.18849905660178,-46.91829518765143
1239,e96498ed8daaa3e9c23f7a62da76591c,5373,sao paulo,SP,-23.583775938940498,-46.75811454003692
1240,5741dc2bf5044c34d0698681c5081bed,12226,sao jose dos campos,SP,-23.11446437837909,-45.94416788538545
1241,ad781527c93d00d89a11eecd9dcad7c1,15015,sao jose do rio preto,SP,-20.821099856901526,-49.37219661471447
1242,b5e3e38609125694d2ea2417522a60b7,88020,florianopolis,SC,-27.593323289251266,-48.544139953675334
1243,bacb1f0ed56ad24198f5810d2b3fe9a5,12328,jacarei,SP,-23.288024922644933,-45.96239992210922
1244,980640c45d7a4635885491d077167e4d,13501,rio claro,SP,-22.425193954780326,-47.56081448044923
1245,ae45ad30c2d2e5913094769690a239d2,14405,franca,SP,-20.528419405982003,-47.4112866375386
1246,2cb98e27ce1c18abdb42209b34c382a7,14085,ribeirao preto,SP,-21.166130493221537,-47.797796267094135
1247,2156f2671501a81034d7d07f217609d0,4776,sp,SP,,
1248,de0c78824586e9a5f5f04fd84e25df39,6730,vargem grande paulista,SP,-23.62233836107439,-47.01265586806666
1249,128639473a139ac0f3e5f5ade55873a5,87050,maringa,PR,-23.43089558269375,-51.91815458314278
1250,0791d9fc1e30678ecf03d3e55fa108d3,30775,belo horizonte,MG,-19.896660342324566,-43.96883416140423
1251,7a241947449cc45dbfda4f9d0798d9d0,37590,jacutinga,MG,-22.28814535617888,-46.61200126172022
1252,cfd7ddab722b902f7ac5b5f3ba6d723d,32372,contagem,MG,-19.919822251591413,-44.02650416210547
1253,0e72c1a751b496722a6cb1f10653b62a,6280,sao paulo,SP,,
1254,7e1fb0a3ebfb01ffb3a7dae98bf3238d,14403,franca,SP,-20.55365116643561,-47.38714520441383
1255,376a891762bbdecbc02b4b6adec3fdda,74323,goiania,GO,-16.688613519648833,-49.32912526120524
1256,90b36c5aeb728d5504a39f435bef0c5f,13835,conchal,SP,-22.338518695550928,-47.16870256768665
1257,e76ecc7e9a1a1e3c6df9d2a8261c423d,30140,belo horizonte,MG,-19.93099340851858,-43.935802267444075
1258,1dfe5347016252a7884b694d4f10f5c4,14940,ibitinga,SP,-21.757225105309477,-48.82954113566027
1259,528bcf6680c36dddf07620bd35b33a6f,3178,sao paulo,SP,-23.553490546260754,-46.58618277506776
1260,f114dca2828bf718548db175ebe2cfcd,86192,cambe,PR,-23.287081407814217,-51.27464754038388
1261,33dd941c27854f7625b968cc6195a552,29107,vila velha,ES,-20.35496024354651,-40.301778939396506
1262,579891617139df7d8671d373f0669622,20061,rio de janeiro,RJ,-22.905644929546217,-43.185445085291924
1263,48985c61529077fa4f1e38bcff0f2ed3,90020,porto alegre,RS,-30.03026517880558,-51.22703145617276
1264,25c5c91f63607446a97b143d2d535d31,35680,itauna,MG,-20.07796639442475,-44.57574546064813
1265,f205b1a3ca9a34e0f8a228bae6e4c7b3,94965,cachoeirinha,RS,-29.90492671928023,-51.070502855516686
1266,d2374cbcbb3ca4ab1086534108cc3ab7,14940,ibitinga,SP,-21.757225105309477,-48.82954113566027
1267,ef728fa1f17436c91ed1ccd03dcf9631,17201,jau,SP,-22.294179727664154,-48.55879772694544
1268,1eade46fba20122dc4aefb379f8c636b,2066,sao paulo,SP,-23.507930444268894,-46.606412946771464
1269,b9de031b671cd48b28fae9d828cbf2b4,4283,sao paulo,SP,-23.60856330387545,-46.60441370043729
1270,6f835fd4be26989b1b064399da346143,81280,curitiba,PR,-25.439459436302418,-49.35485179591295
1271,c9a06ece156bb057372c68718ec8909b,73020,brasilia,DF,-15.657461015368263,-47.80930566853937
1272,6b2612338467c08c9b25f0cc55b1578d,86990,marialva,PR,-23.48424649843357,-51.79910751418011
1273,40d54b51e962dbe09cabbcfd33298dee,9230,santo andre,SP,-23.620944796095696,-46.527531775911626
1274,70c27847eca8195c983ed7e798c56743,20930,rio de janeiro,RJ,-22.890080838765474,-43.22947542140999
1275,b98b715fe9e276204e2a3464f48cd796,3827,sao paulo,SP,-23.48397020296377,-46.47766427066258
1276,0b1ca3ef18a63d7eb0c8897fa0849c08,18131,sao roque,SP,-23.531816387514457,-47.1481273741327
1277,37ceb404da208418c9032f0674e57804,4615,sao paulo,SP,-23.622051591014408,-46.668699706803515
1278,05d2173d43ea568aa0540eba70d2ca76,37135,alfenas,MG,-21.42213905266804,-45.96450217990741
1279,661ad5fcc28cdfb8bcadb12bb2272475,88330,balneario camboriu,SC,-26.99272349446266,-48.6319263566894
1280,999f6d9a1c7c81f43be44c6b7d076210,5269,sao paulo,SP,-23.433663141925667,-46.789266461123276
1281,101a3a003516bc11253298b2fad3cb65,13503,rio claro,SP,-22.41294242777778,-47.57849477631924
1282,b839e41795b7f3ad94cc2014a52f6796,9541,sao caetano do sul,SP,-23.62031918470236,-46.564104728028354
1283,a20d8058c866dbaeca014d2cd20ac62e,12209,sao jose dos campos,SP,-23.178038076798735,-45.881598051306796
1284,6824a69c9ea0313eba299dd4a2dba09a,35570,formiga,MG,-20.462288456392713,-45.43342550961002
1285,058cb5aeb36d7c0fcae20fc85d5e0a59,21635,rio de janeiro,RJ,-22.833056641483417,-43.412669492860964
1286,48efc9d94a9834137efd9ea76b065a38,81130,curitiba,PR,-25.505953443796365,-49.300657697147244
1287,218f991754f360af9c2daa5e0b8e990c,1123,sao paulo,SP,-23.52896417334392,-46.63648868582247
1288,5dc4bdaf869e8c77c648078cbe8d59c2,88035,florianopolis,SC,-27.590923591787583,-48.508774338483846
1289,9261d76c62caaf0b24677c2ceb7f8f20,88138,palhoca,SC,-27.75675496767542,-48.63281082140652
1290,a3b0df0065e264a91b7bbf5f844af5cd,9721,sao bernardo do capo,SP,,
1291,37dd29b36c458d82f74a953c40c43645,13480,limeira,SP,-22.5707186648412,-47.403071398313244
1292,077c5fae4bea9500e3737b16f71b9d3a,18052,sorocaba,SP,-23.5341340282984,-47.50130818131877
1293,0dd184061fb0eaa7ca37932c68ab91c5,7031,guarulhos,SP,-23.49757503423372,-46.54783762216986
1294,5b35136197710e16ac5e7b7c2bd4ea85,22640,rio de janeiro,RJ,-23.00059747552253,-43.33044228581327
1295,60562ab00b8054280520d390c8c0045c,4809,sao paulo,SP,-23.716932371519903,-46.69465325669805
1296,1d29dfba02015238dfbe2449a5eaa361,36576,vicosa,MG,-20.730592279396785,-42.89262204706904
1297,ad273c9eb54ecb4532de4bf75bae9e4e,80420,curitiba,PR,-25.437665503745563,-49.282161231577675
1298,7813ea3ebd9411dc600b4dd01f7a97b9,6018,osasco,SP,-23.54143288235432,-46.77566859429288
1299,559d56f3b8f0bc2e5a9a62fe2ce2a39f,89220,joinville,SC,-26.270819595706428,-48.88179128442035
1300,57df9869a600bd6b7c405f2a862eccfb,37540,santa rita do sapucai,MG,-22.246571164306314,-45.70673437941273
1301,777a0c55737f34ffeb78010f7542ab41,1541,sao paulo,SP,-23.569576854136365,-46.618377586571505
1302,2aa3443d7bf9d9bb11133f420d75e083,22713,rio de janeiro,RJ,-22.930365432902484,-43.3937201085758
1303,c3867b4666c7d76867627c2f7fb22e21,14580,guara,SP,-20.432072480184946,-47.82423234227137
1304,0bae85eb84b9fb3bd773911e89288d54,88301,itajai,SP,,
1305,35fb511489d9ee3ee27a76debce9df06,86061,londrina,PR,-23.313510395947965,-51.17941463829048
1306,df91910b6a03bb2e3358fa6a35e32f6f,9560,sao paulo,SP,,
1307,7e3dde9ffba72d5340f9aaf09b4424be,86185,cambe,PR,-23.288930924444287,-51.242724071428626
1308,dbdd0ec73a4817971d962698f2fea022,60710,fortaleza,CE,-3.786997304148835,-38.568005543539975
1309,8ff38bc3969e67c36c48343a07090f66,8260,sao paulo,SP,-23.568716843792632,-46.438367151319746
1310,6e1862e15f33d9994bc25922a85e1efc,13505,rio claro,SP,-22.37919239968234,-47.56584129048367
1311,058fd0aa2bfdb2274e05e1ae971dabb6,9020,santo andre,SP,-23.661828834100735,-46.52657407670015
1312,f615fe7efbef0f4f08fd3086bc7a3e60,12940,atibaia,SP,-23.114660872419602,-46.55304457385195
1313,aa1eb17b9fdf6dfd546e25c45c7b9235,4794,sao paulo,SP,-23.634007933091542,-46.69408968564951
1314,07bf9669d84d1f11be443a9dd938f698,4761,sao paulo,SP,-23.6627823657222,-46.71765046687345
1315,08633c14ef2db992c11f840f04fad4cd,9416,ribeirao pires,SP,-23.738279215693765,-46.446155515047
1316,b0398568231ba5e6734af1881671a317,29704,colatina,ES,-19.526831876306623,-40.66250698548117
1317,f419677537694f0462a91990df6ca44f,9750,sao bernardo do campo,SP,-23.688440644945857,-46.555327065872696
1318,e88c9b79e592e370d6bd852eeefbf057,85501,pato branco,PR,-26.226542116388647,-52.67450572763438
1319,70bf57d811208f8923b41bbd499a67a4,7866,franco da rocha,SP,-23.299894547423293,-46.70987399547249
1320,8c0de775f52fe41590b376a3b7c50f68,13178,sumare,SP,-22.80379408892159,-47.20524747803084
1321,7a91bf945c6fae0779f1c61ce97fe45c,26562,mesquita,RJ,-22.770335287304935,-43.42236114675775
1322,6dc9bec584588412a6a338830946a3e4,3270,sao paulo,SP,-23.600794842829984,-46.521238826070636
1323,b19c48688808720822399ffa9f2dbe2f,4801,sao paulo,SP,-23.710241350820514,-46.69955448839462
1324,5b8154610ebb21fb90eb587365e673df,12246,sao jose dos campos,SP,-23.21678807194096,-45.90740989032077
1325,bb2afe2061d53c6968aa0cffa233a8ec,4307,sao paulo,SP,-23.62501188268331,-46.637793028376606
1326,1cbdc7cf130a41fd13a3c2a7d2fcfda7,37480,lambari,MG,-21.974297810205393,-45.349051378095496
1327,fb89df7f89fd1b8f03fa2acca1ba7364,85853,foz do iguacu,PR,-25.555402836877743,-54.5649674683863
1328,b18871c324516afa228a13e8f1ef0ae9,4186,sao paulo,SP,-23.648203482894157,-46.59544229151689
1329,17ca9b9e9b9ef8fdb529001b49ebb50f,32677,betim,MG,-19.94314754374055,-44.11382318546517
1330,3f0e48d209018b466fcd3bb4ccfeb520,80215,curitiba,PR,-25.44918015206459,-49.25390775475063
1331,9add47bf45ce8e8c7db6b9cf670b1e09,83830,fazenda rio grande,PR,-25.6736914291033,-49.32808959192936
1332,acce39e832338debb07b02385cde5967,32110,contagem,MG,-19.884232316336927,-44.022748330494146
1333,397c4d0c005b6f41f90098ac724e28cb,9182,santo andre,SP,-23.697307284553304,-46.530326250284745
1334,b2c97074649f92197d9387d9033dda5f,18604,botucatu,SP,-22.875932251086947,-48.427536092981164
1335,f262cbc1c910c83959f849465454ddd3,3564,sao paulo,SP,-23.535371732306313,-46.4968277988107
1336,c113b8df1fc375bc3d73d29c1b1144d1,8021,sao paulo,SP,-23.50001574223043,-46.43442359541168
1337,bd65d163ded559eb90a10cd09fec178f,3526,sao paulo,SP,-23.551753361024698,-46.50500629975135
1338,720e6cf846ea7572cbb66b743fb91e6c,8717,mogi das cruzes / sp,SP,,
1339,8f580d36c1e9d6fbce95283403c7d447,14090,ribeirao preto,SP,-21.1800560363759,-47.78824384329166
1340,be7a093e5b4d147b36b72bb1f9e415e5,85900,toledo,PR,-24.72809956213685,-53.73934170911325
1341,cb4a705d00e100b9732d0ca34817d441,88032,florianopolis,SC,-27.547078743041258,-48.49782582040817
1342,f266295f49a28eee21f413e0cbb0521d,84020,ponta grossa,PR,-25.07967239430884,-50.132137269395194
1343,31eec405c9bb71dec8e2629a92e764fa,29300,cachoeiro de itapemirim,ES,-20.84727632154264,-41.12094308490701
1344,6235903333ba7de1928c869e268e5964,89650,treze tilias,SC,-26.998813334686947,-51.41216589862984
1345,c360e4787614ed31ac7a2f95d3b22dc6,18681,lencois paulista,SP,-22.598966274373478,-48.78768838153368
1346,1e47d8b6546eb3a77b1acddcc9406242,13015,campinas,SP,-22.90411282146143,-47.05655743515298
1347,cf1313c6e2c01c2f4b014f97db4bcd2b,22050,rio de janeiro \rio de janeiro,RJ,,
1348,14ee35374a7876217954b5fa08e50463,15015,sao jose do rio preto,SP,-20.821099856901526,-49.37219661471447
1349,8fe8786ee000001ab51d030dfd4a7bf1,88490,paulo lopes,SC,-27.978665492288254,-48.68271760811336
1350,e72b4feb7abe210c52aa667abc25a3a2,3122,sao paulo,SP,-23.56781293260379,-46.5953381319357
1351,373ee4a3a775a733770ca3f790b8b9ac,22793,rio de janeiro,RJ,-22.999729789317982,-43.401028570814155
1352,432c37c9dfba871172ec162e20118b8c,70235,brasilia,DF,-15.813445010072481,-47.893353570004045
1353,daf565f087a52def0fd5c5825b3661bc,88350,brusque,SC,-27.107621785804895,-48.93726397728216
1354,ea3ebea5317b0efbc663ecc8ce5e9bc2,88036,florianopolis,SC,-27.589555925526053,-48.5228172864336
1355,1fe61aa5494bd3ae92a2c13e067c810f,89540,santa cecilia,SC,-26.96177094437635,-50.419036448519215
1356,e9511df20ccd82658a30c37b7fb343af,17026,bauru,SP,-22.29483350967886,-49.045893583219346
1357,4c8545742faaf58fafd5fd14d25d75cf,15603,fernandopolis,SP,-20.288257895765245,-50.24342905328531
1358,27a56ff04b34c2ba34ce6ba4d3b9d616,13033,campinas,SP,-22.904507798606314,-47.09665272070597
1359,888faa8bfb0b159c37de6d898b961c31,88750,braco do norte,SC,-28.273974229532474,-49.16552204891193
1360,0aa2205ca24f113f4658a5c536667426,4281,sao paulo,SP,-23.605907826264836,-46.609110271731566
1361,432c67955c0acd1fd6b0b5d678766a71,5571,sao paulo,SP,-23.593828322352664,-46.78325095741114
1362,d8c7ba53e7e38711eaef8c2849d6d2e1,87120,floresta,PR,-23.613895258457053,-52.08241318974192
1363,8a43128d7f9a3db592b866e6861a6cce,8080,sao paulo,SP,-23.48712716058454,-46.43080661716415
1364,7cb946b1ad19faebe28c3e86c2794ec3,35701,sete lagoas,MG,-19.45843447667466,-44.230747063076734
1365,6338ea67c41078a46ad99cc009654956,95170,farroupilha,RS,-29.386293832575742,-51.37632512151012
1366,6c12e40690c335dbc2f68a4134d30dc1,84178,castro,PR,-24.806511708673156,-50.000846650494786
1367,65febd49fd28ec955651299159b1f527,3275,sao paulo,SP,-23.581793418237027,-46.54662440650995
1368,9a84ba99f5367fdbd4598363496f1ea2,72801,luziania,GO,-16.262368200845373,-47.957452848343436
1369,954e95f20808d7e5d11f0de292d078e0,35930,joao monlevade,MG,-19.814922679855933,-43.170397234091844
1370,fb503a924a0b9db19d83dd0ac6dbef8c,96020,pelotas,RS,-31.756574676776953,-52.34160338232037
1371,4ba52dfeba874da5b9ee7b17c7494f04,8790,mogi das cruzes,SP,-23.526174661021255,-46.17314102533634
1372,5b581417df4480f632484ba681e53944,88050,florianopolis,SC,-27.520085885788244,-48.51754950360296
1373,d0d70d21e2234dd7cd3cf63fe414148a,58865,sao bento,PB,-6.492475976681666,-37.45113628183591
1374,c7c7b2682c648339a0e9846bb1023a39,12916,braganca paulista,SP,-22.98055747296319,-46.53543128594105
1375,06e5eefc71ec47ae763c5c6f8db7064f,91350,porto alegre,RS,-30.01559359996584,-51.16179254586413
1376,28ea411b354f14b1a494be4e79f0ce02,5685,sao paulo,SP,-23.607142098913666,-46.705265710831966
1377,2a6fbeaa7ab9e5d59a35841a8da71ce4,89259,jaragua do sul,SC,-26.50160022176152,-49.08580770272012
1378,77fccaae319668a8ab6cd0fd16aec48c,28035,campos dos goytacazes,RJ,-21.757261101053842,-41.3316593500822
1379,3fadb4cba4c35bce6a7eaf9872d5623a,95013,caxias do sul,RS,-29.16276050147047,-51.20337214099811
1380,1987cd4be10fe09ee50454f9c354d1c6,37570,ouro fino,MG,-22.278747864794326,-46.37165071125287
1381,aae5e7b457a3c72ee230a47d98fceda5,83040,sao jose dos pinhas,PR,,
1382,2d22fc3089eb907b29ebff50581fb472,27972,macae,RJ,-22.32810184283327,-41.76439361973373
1383,ff1fb4c404b2efe68b03350a8dc24122,8710,mogi das cruzes,SP,-23.522632291585587,-46.19590510039435
1384,817f85dbb65aa3e70831d90fe75cdf89,18530,tiete,SP,-23.101743464896714,-47.71199765868269
1385,2b5ed0c9139dae8883a200dfcb272ece,4087,sao paulo,SP,-23.609375889023017,-46.660573848604095
1386,86bf77bdb52e615674772d5817c6212f,94410,viamao,RS,-30.08332529041597,-51.023781774876106
1387,9b1585752613ec342d03bbab9997ec48,22745,rio de janeiro,RJ,-22.934907176614402,-43.33370653181594
1388,9b00cad94ef3078faf6fba2e792c158f,39442,janauba,MG,-15.79994788084725,-43.310505979700366
1389,6860153b69cc696d5dcfe1cdaaafcf62,13360,capivari,SP,-22.99744091346275,-47.505905037131605
1390,903037660cf848a717166eb7a06d616e,5734,sao paulo,SP,-23.62653179330635,-46.74355394682292
1391,f08c008c8a8d31417763738a1788a2a8,85875,santa terezinha de itaipu,PR,-25.442209106905345,-54.40226536070982
1392,bf3c6d2a28b2b5501e6c15448982dcc9,4180,sao paulo,SP,-23.635179746907653,-46.59959520969068
1393,e99e927c81e3f51739c94fcdfca9f10f,38400,uberlandia,MG,-18.912969558770403,-48.27858279814565
1394,49cdc90518a4f82676b38b3c1aa43ff6,3031,sao paulo,SP,-23.53141466535776,-46.6207028443154
1395,066a6914e1ebf3ea95a216c73a986b91,85863,foz do iguacu,PR,-25.522237462096,-54.567022600179975
1396,3cfa1358a6caa965278721344c8d76f2,9831,sao bernardo do campo,SP,-23.792063464139456,-46.53987770829696
1397,6d66611d7c44cc30ce351abc49a68421,4378,sao paulo,SP,-23.651196360699792,-46.659364559001126
1398,e48cc16ab70bfa09e1401740dce0b3d7,16022,aracatuba,SP,-21.23263198728406,-50.46375725162534
1399,da20530872245d6cd9d2f5725613c430,95650,igrejinha,RS,-29.57188931696104,-50.794740068512056
1400,3d8fa2f5b647373c8620330c4e077a9f,3031,sao paulo,SP,-23.53141466535776,-46.6207028443154
1401,57d2ba47f7a3209aa347532ae75c1165,89287,sao bento do sul,SC,-26.23960220142493,-49.395112882854164
1402,76d5af76d0271110f9af36c92573f765,3194,sao paulo,SP,,
1403,729f06993dac8e860d4f02d7088ca48a,13481,limeira,SP,-22.600556474252752,-47.40776690336797
1404,9e9b539eb2806acee3f5c28085c1db9f,32315,contagem,MG,-19.94114514851027,-44.04168485965468
1405,fa18c782a4866d313cadab567097f8f1,31535,belo horizonte,MG,-19.815030740120847,-43.981545604097185
1406,b77a27b1864483e721dc831d5ba4afa0,25251,duque de caxias,RJ,-22.65462769447577,-43.27769534799373
1407,41c9d3997dd3c072c31139dc5bb5761f,38182,araxa,MG,-19.60526721007295,-46.92596185914999
1408,700f03c207639c22d933381ff60b35c2,14784,barretos,SP,-20.578409417505075,-48.55760424651565
1409,762fafdaa57a532ee0119731697579dd,13311,itu,SP,-23.263662405961412,-47.315225100959516
1410,50770d25768b0486d89be26afca3108f,9271,santo andre,SP,-23.64330826430687,-46.49955196149397
1411,b3b17aab11f273023a5f22ca52e1eb70,86065,londrina,PR,-23.303854700592968,-51.203159112589354
1412,b19f3ca2ea475913750f25a5c37c8d8f,35501,divinopolis,MG,-20.16197713080603,-44.901595944380745
1413,6179a28a13a726c29b3bf54c070dccab,37048,varginha,MG,-21.5702756807069,-45.418745301540206
1414,cc419e0650a3c5ba77189a1882b7556a,9015,santo andre,SP,-23.659209786435976,-46.52345868242576
1415,0df3984f9dfb3d49ac6366acbd3bbb85,32604,betim,MG,-19.951379938201686,-44.19600781109792
1416,7008613ea464bad5cb9b83456e1e6a8f,89460,canoinhas,SC,-26.17782757725076,-50.3925025499352
1417,7f152321c60a266edc53af1925ef96c1,88801,criciuma,SC,-28.67667582323401,-49.36991312069799
1418,c4fb51fb1c5b7c07bc5e67be6e7e8f6e,80060,curitiba,PR,-25.43006308304056,-49.261120220323384
1419,52ac6f920b7280e4c6d30dd94de6259b,83321,pinhais,PR,-25.446326706183715,-49.176642585435225
1420,7d7d2b7a51328016102d4528c411d630,14940,ibitinga,SP,-21.757225105309477,-48.82954113566027
1421,9e94fa26a70ede4d26226e918e8706a2,13570,sao carlos,SP,-22.03030925618695,-47.879367362819224
1422,eddd1991bd6d9309995a480c39b95137,84010,ponta grossa,PR,-25.09419479376675,-50.16095107518057
1423,994f04b3718c2bab35c2adfa8afecd2a,13912,jaguariuna,SP,-22.686036923961016,-46.98255666744846
1424,3f3486b61f45078d4f31ee5e43d8c5bb,3035,sao paulo,SP,-23.52561642707447,-46.61478935255275
1425,5db42a6cd9bf1bf0d3aab9582767f168,29010,vitoria,ES,-20.320152667440173,-40.33403782049313
1426,a06c8ff043abea0528ee44171e2140a2,35501,divinopolis,MG,-20.16197713080603,-44.901595944380745
1427,6b3bd31ad8fcda4b2635ec9f3ff2ecdf,22775,rio de janeiro,RJ,-22.965097551656015,-43.3806326301091
1428,977f9f63dd360c2a32ece2f93ad6d306,14910,tabatinga,SP,-21.73706334787352,-48.68756876841966
1429,2c43fb513632d29b3b58df74816f1b06,30421,belo horizonte,MG,-19.937081168456363,-43.976330584754095
1430,910a922b426b7ff95eaee129ad6c0e1f,15025,sao jose do rio preto,SP,-20.806072151507887,-49.388594200701824
1431,d9442042130b7fe579d1295f9f4a248f,3550,sao paulo,SP,-23.531455678383224,-46.50727859361229
1432,da2782c804606d2a5d8e1760dbb3e7ec,2022,sao paulo,SP,-23.504136081926067,-46.638755316149776
1433,ce248b21cb2adc36282ede306b7660e5,89251,jaragua do sul,SC,-26.487423066285714,-49.080731966886276
1434,5b0cc932433fa5184b5b94bfe6bcc256,14940,ibitinga,SP,-21.757225105309477,-48.82954113566027
1435,7ff588a03c2aeae4fbd23f9ae64b760d,7183,guarulhos,SP,-23.44094711166319,-46.46118308781565
1436,08cdbae123ff67ca4e36d9d641ce0119,36504,uba,MG,-21.11376667774259,-42.93628622228131
1437,77dcbb67ccb3659bd58eaf5661560a30,95900,lajeado,RS,-29.460820199051625,-51.966482632096465
1438,7ad32824caee82087b3e2e5f33b1bf32,14940,ibitinga,SP,-21.757225105309477,-48.82954113566027
1439,de722cd6dad950a92b7d4f82673f8833,51250,recife,PE,-8.135890720198345,-34.93253582376316
1440,70849ca4f400aaabb62cb7462a6f1428,31210,belo horizonte,MG,-19.906881011585426,-43.94924199623332
1441,b16d3dadc47d4eb18be3d88bad0775ce,93608,estancia velha,RS,-28.455579879189802,-50.23598069463291
1442,5c3460cd3e8a984382ae254e7dd20d9f,15085,sao jose do rio preto,SP,-20.836055478387365,-49.38660230533204
1443,22c32ec35d0116ef02c281798a25bf8b,87043,maringa,PR,-23.401589654988715,-51.89428565821176
1444,8d46553a36e68f95350a200c12f8f2e2,13056,campinas,SP,-22.97570796346973,-47.143140186599155
1445,45ba18c210d42734ec52c0c1c574e9ee,18130,sao roque,SP,-23.531201253991174,-47.13466677725793
1446,10cdd491d1dbea8fb4ead97b19c334ce,37540,santa rita do sapucai,MG,-22.246571164306314,-45.70673437941273
1447,dc317f341ab0e22f39acbd9dbf9b4a1f,94910,cachoeirinha,RS,-29.952805195070127,-51.09752101686307
1448,fe9d9cf8631285d5982c6e2cf27fb114,36200,barbacena/ minas gerais,MG,,
1449,d93844a9c55ba7ce353388bcf849ea56,82320,curitiba,PR,-25.404370519297863,-49.34539606180636
1450,52b53f7061969fe471d119b6195da864,88301,itajai,SP,,
1451,1b8356dabde1d35e17cef975c3f82730,3477,sao paulo,SP,-23.56807392182596,-46.512775273706104
1452,43402bdf22aa2310e8f99e2f94f78628,9434,ribeirao pires,SP,-23.6589316042557,-46.37208434627331
1453,c4b911d06343b21dd906651f8101cb49,17560,vera cruz,SP,-22.22233771303718,-49.82241039710561
1454,f44bdc12aa39f5271f0b95f66cd4c289,12914,braganca paulista,SP,-22.96485705077535,-46.53408008397754
1455,9bf11dfc0bec77e5a23028043c3c5a8f,32140,contagem,MG,-19.894341078718856,-44.03854688591988
1456,13f57c12a00ed4610db646b913a7f5c6,11015,santos,SP,-23.95317158734069,-46.318865404010374
1457,54c04bdb5ec46762f8f08c7e8f86ed4a,88037,florianopolis,SC,-27.60041569015608,-48.50657416694583
1458,b5dd7151a92ccaaa282cbe9681a05f44,14020,ribeirao preto,SP,-21.2003057274864,-47.80256738061809
1459,447d377bdb757058acb569025ee18a93,99500,carazinho,RS,-28.291480903648107,-52.79032945247025
1460,52562a9f449c3dc3d53f5f5b9ed74903,59152,parnamirim,RN,-5.887087817898639,-35.20749449652158
1461,2a73cba571d90c694b7caca072ccf6ce,9560,sao caetano do sul,SP,-23.632900785937903,-46.554207655344015
1462,3d2400ac620cffa23ac81bd192f7f555,9810,sao bernardo do campo,SP,-23.719376562169025,-46.56538174536106
1463,968268a686aa05d1f529fb07dff08130,1530,sao paulo,SP,-23.56971950108755,-46.6323256206422
1464,7c462184585ae80bd6e5774c62ce50f2,13086,campinas,SP,-22.825069778266634,-47.05168796635171
1465,3ea00e1dea2b0659dbaf654735929220,80020,curitiba,PR,-25.430074073901213,-49.27148972692091
1466,54965bbe3e4f07ae045b90b0b8541f52,85851,foz do iguacu,PR,-25.542073079848453,-54.5847661116064
1467,4965a7002cca77301c82d3f91b82e1a9,18074,sorocaba,SP,-23.454081635055946,-47.48774931626626
1468,2d8cfba3fcd3170555941605edaa196a,6080,osasco,SP,-23.543707570879505,-46.785291442401004
1469,6039e27294dc75811c0d8a39069f52c0,6162,osasco,SP,-23.553569194197415,-46.80917761192744
1470,b45d7ebfb7378630f1bcd74b6ff86ff7,30285,belo horizonte,MG,-19.914041302051864,-43.8968815605373
1471,e2a1ac9bf33e5549a2a4f834e70df2f8,1210,sao paulo,SP,-23.539845246175062,-46.64183544353936
1472,bc07d855eac23aab5ac8a120f21d16b2,8710,mogi das cruzes,SP,-23.522632291585587,-46.19590510039435
1473,3492e68f37fd1df87f4f2f2ea247f445,13322,salto,SP,-23.192863791699313,-47.27483948167942
1474,93bef6edaa84956e8e575016449b6351,3568,sao paulo,SP,-23.541929269624877,-46.48495133979417
1475,05ff92fedb5be47920fea08e501238b9,98803,santo angelo,RS,-28.290421924643233,-54.262366232308246
1476,68f86ba270525243e68ae74044f992b9,21941,rio de janeiro,RJ,-22.835608336318653,-43.25740299202552
1477,aeb36d67f1414f234d42a29e27cf1f17,9060,santo andre,SP,-23.66473824072954,-46.54974154226273
1478,916c9de0b5ad957346eeeb12f332687e,80240,curitiba,PR,-25.44914567554983,-49.288997409813966
1479,c68fb906c8f4b4b946d8386bfa6e5467,14870,jaboticabal,SP,-21.257354504285715,-48.32082983595459
1480,53d00c40e32aeb924a84ce72b1af869d,14940,ibitinga,SP,-21.757225105309477,-48.82954113566027
1481,93dc87703c046b603023e75222018b45,30315,belo horizonte,MG,-19.954005438656157,-43.93067098331156
1482,10076e5788b8ee532724bcd460baf762,14315,batatais,SP,-20.89798770994474,-47.59072133816945
1483,804287717b9156fb7a787acd9af4fac1,87030,maringa,PR,-23.41356886778423,-51.92757078085311
1484,4dc646b9b9e8e411ef48ba000ea3ac6f,13272,valinhos,SP,-22.951325444734987,-47.001585317467736
1485,e9c6969d40e6a3d2d0f90013165c2b98,3448,sao paulo,SP,-23.55405209253119,-46.522495799404595
1486,bd0a1b0aadca9a83d9304f7e8ff5fbd5,1212,sao paulo,SP,-23.539205180127134,-46.639872610943414
1487,340636a908b13bbe0f4fb63fbe1d0c03,12240,sao jose dos campos,SP,-23.22465053426939,-45.91648551545299
1488,cf654707ed6a99f112c7ec3d6f314b8b,4615,sao paulo,SP,-23.622051591014408,-46.668699706803515
1489,01c97ebb5cdac52891c0ed1c37ba0012,15804,catanduva,SP,-21.121584087505173,-48.96993970836541
1490,f0b47fbbc6dee9aafe415a6e33051b3f,9360,maua,SP,-23.685189808199564,-46.456939465332376
1491,bd149ed516d4c5d418d5781f8e18919f,7241,guarulhos,SP,-23.44594904509472,-46.42684053090227
1492,3dbbce181edfaa4a597ec858c382d2ec,82515,curitiba,PR,-25.3954224961262,-49.230383252107
1493,06532f10282704ef4c69168b914b77be,87140,paincandu,PR,,
1494,1127b7f2594683f2510f1c2c834a486b,13087,campinas,SP,-22.859752983115943,-47.05396659673355
1495,cd52a8efd71af3336b14b5039b951cc1,88136,palhoca,SP,,
1496,79ed755314cfe6df0daef2c6cd3022cd,13503,rio claro,SP,-22.41294242777778,-47.57849477631924
1497,2c9e548be18521d1c43cde1c582c6de8,8752,mogi das cruzes,SP,-23.541525205179425,-46.26214782215388
1498,bc47d5d1490df2b36add65d733eafaba,9163,santo andre,SP,-23.76301364120788,-46.47384428683582
1499,7caa63f175b1cecbfaadd8b5ab9998c7,2750,sao paulo,SP,-23.493285511140257,-46.680740441435006
1500,de66a66f2dd06bb9ec37aa96987466a3,20910,rio de janeiro,RJ,-22.899538516168796,-43.230878669504285
1501,fec6275253471ace26d209bbaa64cd0f,28605,nova friburgo,RJ,-22.269304273594937,-42.517173208625394
1502,c31eff8334d6b3047ed34bebd4d62c36,13322,salto,SP,-23.192863791699313,-47.27483948167942
1503,c87abc38c8ed3240861729e1aeadf221,5713,sao paulo,SP,-23.626239436416235,-46.730691283798194
1504,07a9bc7f61396b658ddf3ac534efe44c,2925,sao paulo,SP,-23.50183733116751,-46.6980611841617
1505,822166ed1e47908f7cfb49946d03c726,25803,tres rios,RJ,-22.117888038386184,-43.21354461466471
1506,a45314082d50d578a4721c9787ce09ab,15130,mirassol,SP,-20.81507602865099,-49.507089050663794
1507,98e164d549402270247f3c96a1a158ef,5083,sao paulo,SP,-23.5327149048218,-46.71681237532365
1508,59bbc819b99a733f02f0d6b49d1c253d,13043,campinas,SP,-22.934629831946673,-47.041352790036925
1509,2e3be8a987a30d7544dbbda6861cc14e,30620,belo horizonte,MG,-19.9837012010167,-44.001532164648324
1510,b6c6854d4d92a5f6f46be8869da3fa1a,1042,sao paulo,SP,-23.544682679154086,-46.64067733602794
1511,f1b93673502375d491780bb49d615dbc,12228,sao jose dos campos,SP,-23.247571043790852,-45.838030144672324
1512,bbd3acfe6de99892e73940d3fdceaf68,9111,santo andre,SP,-23.673238738080425,-46.489113668570745
1513,b3f19518fcec265b2e97af287725f981,15170,tanabi,SP,-20.62359886255569,-49.652213976522766
1514,b2ba3715d723d245138f291a6fe42594,3470,sao paulo,SP,-23.569291669675927,-46.52232463483803
1515,b410bdd36d5db7a65dcd42b7ead933b8,74645,goiania,GO,-16.66200181418287,-49.246445279467885
1516,31344c16881c08a8a72c6d2eb29918c1,36500,uba,MG,-21.11740463639981,-42.94327379563773
1517,4e42581f08e8cfc7c090f930bac4552a,13660,portoferreira,SP,,
1518,9a208dee8f95cfdf00760c4d627828ec,26125,belford roxo,RJ,-22.732971884595006,-43.40068933210063
1519,d58d521f3789def2e7a22715e0badd93,3643,sao paulo,SP,-23.52809652232334,-46.534302250505384
1520,0aea4c6ae1505b3228ddf3dd7822ee5b,18080,sorocaba,SP,-23.48529825497048,-47.459635242237255
1521,b3809b8d4394588a47c8470ea331e135,4810,sao paulo,SP,-23.71140019588538,-46.69752825140419
1522,fcb5ace8bcc92f75707dc0f01a27d269,7032,guarulhos,SP,-23.504749777390664,-46.553895709365975
1523,6a0cbc8af2e8abd1bdfb777943d174c6,14312,batatais,SP,-20.916468353698388,-47.574216767527176
1524,1b0b0f4f95e962d6f32fe90c759d0479,2737,sao paulo,SP,-23.487769413255776,-46.69036885306731
1525,70126eecc6aa1274392a1743866e9678,6449,barueri,SP,-23.54201919219896,-46.868685899015304
1526,cb0b3bcf14e0a709df412a99424a59d7,4255,sao paulo,SP,-23.623758063485266,-46.59352691447355
1527,8931a84a914b3fe9b1ddaa4d704947ca,8410,sao paulo,SP,-23.549096757358743,-46.42507970439433
1528,7681ef142fd2c19048da7430856b5588,7074,guarulhos,SP,-23.44912811750711,-46.56193053750544
1529,3771c85bac139d2344864ede5d9341e3,18087,sorocaba,SP,-23.456992923193393,-47.40135753892231
1530,7ddcbb64b5bc1ef36ca8c151f6ec77df,4403,sao paulo,SP,-23.67171553070241,-46.66153562454283
1531,02b72cdeb9cfcc429f1af6f4e3f3b737,14940,ibitinga,SP,-21.757225105309477,-48.82954113566027
1532,3481aa57cd91f9f9d3fa1fa12d9a3bf7,13360,capivari,SP,-22.99744091346275,-47.505905037131605
1533,a218df5c097b0ca409cfaac1488cc7f6,14806,araraquara,SP,-21.75006081110469,-48.15766122149863
1534,bd0389da23d89b726abf911cccc54596,71691,brasilia,DF,-15.893452170009608,-47.78499819992822
1535,af3ef48d0e13835e529c29ac573c63e5,14802,araraquara,SP,-21.772214519153177,-48.18072354451076
1536,855668e0971d4dfd7bef1b6a4133b41b,13257,itatiba,SP,-22.988599870110054,-46.85329154104794
1537,77e4abfd739aed9c46480f90f81c0eb4,70767,brasilia,DF,-15.74545563995465,-47.89460828407295
1538,bac44fa8e13424950488659b5f765c41,4534,sao paulo,SP,-23.584369143869438,-46.674775066530664
1539,863d2ebcd347ce4922de7a0f9a5581d6,21041,rio de janeiro,RJ,-22.872400265576072,-43.26133702515029
1540,1c68394e931a64f90ea236c5ea590300,87114,sarandi,PR,-23.433485115805592,-51.86622008592434
1541,95b293867b5862941c9cd74f756a3c68,8223,sao paulo,SP,-23.526793226704864,-46.47148457759051
1542,e62b2d6ac10570a035a30bafcf01d263,5767,sao paulo,SP,-23.63308439660487,-46.761161101727595
1543,f63d8f293af3a6454377546bd9dd19ff,18110,votorantim,SP,-23.54224720522475,-47.456753042329744
1544,7a425d299613df3e613bcf9d2eaf5c49,22790,rio de janeiro,RJ,-23.013945234739644,-43.46302017493874
1545,6bb0724edf0b62fb91ac404873a97241,6700,cotia,SP,-23.609193450011173,-46.93494165854764
1546,112453736dbe3889cfb74e1aaa0ba0c1,3520,sao paulo,SP,-23.547128385847376,-46.52157802779624
1547,f593898ec748b7a8cb81fc04edafd98a,13920,pedreira,SP,-22.741070713194695,-46.896738928118715
1548,96f7c797de9ca20efbe14545bed63eec,14140,cravinhos,SP,-21.33891570616722,-47.73819930720571
1549,77530e9772f57a62c906e1c21538ab82,80310,curitiba,PR,-25.456890207293227,-49.309771575335844
1550,297d5eccd19fa9a83b2630071ff105e4,80710,curitiba,PR,-25.426704609661925,-49.298431191096924
1551,191d55f7edb8524d525ed01b20fe32e8,73020,brasilia,DF,-15.657461015368263,-47.80930566853937
1552,ff69aa92bb6b1bf9b8b7a51c2ed9cf8b,8140,sao paulo,SP,-23.511329188320293,-46.399526453240405
1553,5733d806668f8712c24b9abaefbfa642,89803,chapeco,SP,,
1554,65b081a070633e057c462abdd6fb9dd8,75650,morrinhos,GO,-17.733108195856715,-49.11374034658263
1555,edf96ef93ed595084bbcbd9224bd2894,1545,sao paulo,SP,-23.580529891151247,-46.61889914345089
1556,6a8b085f816a1f75f92dbac6eb545f8f,14709,bebedouro,SP,-20.924744757420648,-48.490740298476474
1557,f3295428338a40977a03f555246a70f4,29032,vitoria,ES,-20.2779086711827,-40.32622466844446
1558,75fbb52eda0cbc24f479d3b2fbfa8d3e,74560,goiania,GO,-16.658426312171663,-49.27499261888939
1559,e5d4b2b0c3bca22085f7a19a28de0c42,89201,joinville,SC,-26.30165649813947,-48.84812877453836
1560,6187a137b2af59dfdbad8d9f8c373c14,6268,osasco,SP,-23.50051970188655,-46.77803882552528
1561,062ce95fa2ad4dfaedfc79260130565f,95913,lajeado,RS,-29.44674277113686,-51.96107156358728
1562,c200c73f9d7e5a08ca439d6a0803da7c,83507,almirante tamandare,PR,-25.345758331700235,-49.294884111254134
1563,2ee0a0689f2f6a72f35a7cb6033f6e7e,19025,presidente prudente,SP,-22.099561148626933,-51.40663290468007
1564,a08692680c77d30a0b4280da5df01c5a,4719,sao paulo,SP,-23.633127428203487,-46.70617003050223
1565,dd533b429f380718b70ad9922c294bae,14781,barretos,SP,-20.538918701085336,-48.55909987460751
1566,582d4f8675b945722eda7c0cb61ba4c7,11250,bertioga,SP,-23.81765711650305,-46.07870889080958
1567,74636e24f01da9268b0ed88dacd8513e,2941,sao paulo,SP,-23.47866226894482,-46.722659388393105
1568,09bad886111255c5b5030314fc7f1a4a,1022,sao paulo,SP,-23.544786834705654,-46.63196287225415
1569,94144541854e298c2d976cb893b81343,94451,viamao,RS,-30.07957469894719,-51.05236980160433
1570,bf84056e679dbe9c69929847a40e338f,2537,sao paulo,SP,-23.491785701260095,-46.651733912171636
1571,21c62b998a043ebe31161d38f84929fc,60110,fortaleza,CE,-3.7350849197996414,-38.51688369313244
1572,02d35243ea2e497335cd0f076b45675d,59077,natal,RN,-5.8402480652230375,-35.20793075034625
1573,1c129092bf23f28a5930387c980c0dfc,2972,sao paulo,SP,-23.480980521958593,-46.71056219361192
1574,a1040efe9ff4a6f93c28b0499eada8f5,13210,jundiai,SP,-23.22310348737565,-46.884420804046826
1575,2d9e8987a2ea5cf88dce330249043ff1,15155,jaci,SP,-20.884314634454388,-49.57184637092642
1576,fdf736c18c589ed030e058312203e1b2,37704,pocos de caldas,MG,-21.7931927406084,-46.56597969414346
1577,e433f5fd4050e3352b5d83522b7fe24b,86702,arapongas,PR,-23.390409473926574,-51.44664465109854
1578,b01c2b7b8599b325103ebcddc67413e1,95800,venancio aires,RS,-29.611215299839454,-52.19417393034304
1579,bb5d956dece964a06c12bceb66b923ae,20930,rio de janeiro,RJ,-22.890080838765474,-43.22947542140999
1580,3afc536624bc2e65bddfb5db33cc01f3,30150,belo horizonte,MG,-19.925907291979932,-43.926862564725454
1581,8090490573c6c0aa343a7231ebcb8c86,4130,sao paulo - sp,SP,,
1582,26d6bbee02420494d471c9f6436929c0,81530,curitiba,PR,-25.461372104723406,-49.23112375249535
1583,602044f2c16190c2c6e45eb35c2e21cb,14940,ibitinga,SP,-21.757225105309477,-48.82954113566027
1584,b347677812ea483b0f528eaf8cbc09b7,82540,curitiba,PR,-25.392938647302618,-49.2517679096935
1585,d94ba08b99bedd6a5f6c875ecc4a6fac,86800,apucarana,PR,-23.554566729736628,-51.465841909757266
1586,880ce4951cf857ab1d9e0b75c1d856f4,31255,belo horizont,MG,,
1587,b499c00f28f4b7069ff6550af8c1348a,13481,limeira,SP,-22.600556474252752,-47.40776690336797
1588,7a2d2949aea47fab95fd98d6c9f618b1,81350,curitiba,PR,-25.501972072457498,-49.333548274317955
1589,fad44952713764836814be105382aee5,21340,rio de janeiro,RJ,-22.87098366216253,-43.3571893509973
1590,f1ed6bd0a9b11b581f16c851c6a5a527,90240,porto alegre,RS,-30.004084656598458,-51.196596723240546
1591,624f4ece8da4aafb77699233d480f8ef,5138,sao paulo,SP,-23.48492120993193,-46.73397150079088
1592,95e03ca3d4146e4011985981aeb959b9,21210,rio de janeiro,RJ,-22.84241849058194,-43.300843557957364
1593,1771297ac436903d1dd6b0e9279aa505,7025,guarulhos,SP,-23.482718009619035,-46.54296323679314
1594,1d503743d2526f03f0c2c89540ee008c,1035,sao paulo,SP,-23.54177194468869,-46.64130667638727
1595,fc5a0d7a310a7a41abf86a458585ff2b,3655,sao paulo,SP,-23.525440163107064,-46.513826089104164
1596,e1bed63d68ac36fe1f3061befe196af5,13848,mogi guacu,SP,-22.339392020970298,-46.92315657699153
1597,73da1880b39c71de2b262bc7720c1494,13560,sao carlos,SP,-22.014982492231976,-47.8898531792727
1598,df560393f3a51e74553ab94004ba5c87,87900,loanda,PR,-22.92958347247877,-53.13574977982756
1599,253f95b3a0e6983ae18aed49fbc2b845,4141,sao paulo,SP,-23.610007655953368,-46.63389506822476
1600,834f3294fba9f932f56edc879193f925,14808,araraquara,SP,-21.821489039872482,-48.14479939737869
1601,6c177e38df6d3f34182b1f1d427231bf,80430,curitiba,PR,-25.429768377170927,-49.28576730543261
1602,08d0949a9a17c027262db1f3c450c26c,85804,cascavel,PR,-24.98648075226785,-53.49356617221048
1603,11fb6f6d341adbe19e81733701704635,4133,sao paulo,SP,-23.619507886950025,-46.61863791192781
1604,04843805947f0fc584fc1969b6e50fe7,93900,ivoti,RS,-29.605798424677538,-51.164297096696544
1605,e3b4998c7a498169dc7bce44e6bb6277,3635,sao paulo,SP,-23.51646271781952,-46.5176529383732
1606,a37c340b91cb0169e8b029db6440fba2,4424,sao paulo,SP,-23.68720821262538,-46.64051102503589
1607,e628d4a53c109f09ca88098338b3a3f5,30170,belo horizonte,MG,-19.927260748646614,-43.94485660070069
1608,381c83fdca332ea6afd896da20bf6e4a,80010,curitiba,PR,-25.433877726445818,-49.269706605651876
1609,6fd52c528dcb38be2eea044946b811f8,8180,sao paulo,SP,-23.491117850111383,-46.421232791628626
1610,189ca3538ce9f920cacf0f982cbe223b,3589,sao paulo,SP,-23.551684440957203,-46.486831015410964
1611,20cb7c2fde3e5bf10f0bbe7394e1c6a9,86385,andira-pr,PR,,
1612,7e79d65b5c6f1f544b7daea036acf720,9572,sao caetano do sul,SP,-23.64230306107079,-46.562849852683044
1613,fd435faa3c0422b60440ea3480d0e77c,58073,joao pessoa,PB,-7.168221917190444,-34.85628867254934
1614,6bef34c5be6f2bbd70aa5165f6df94b1,89120,timbo,SC,-26.826359244887218,-49.270625132685176
1615,ae9690c6e8fee182c28c9ff8e11ca52c,4361,sao paulo,SP,-23.64368156031323,-46.66278057112259
1616,f7720c4fa8e3aba4546301ab80ea1f1b,81350,curitiba,PR,-25.501972072457498,-49.333548274317955
1617,5bba18b40e8c973b0f32e748004775b0,15840,itajobi,SP,-21.314615447598676,-49.05537942757926
1618,7b7f91e98f8c6def45a1407923304402,6154,osasco,SP,-23.56012644126265,-46.80448970418922
1619,4c2b230173bb36f9b240f2b8ac11786e,3933,sao paulo,SP,-23.58483484349693,-46.49898956529597
1620,a23266650e7c84bb93fbbba502137478,90220,porto alegre,RS,-30.018278421446908,-51.20886871294271
1621,d2df77822373f19934e87694d8640767,86706,arapongas,PR,-23.428054441202196,-51.42415470935767
1622,8fbd63429be6d3e5e6d1a709b6464802,9130,santo andre,SP,-23.687268931241103,-46.50566792865418
1623,ac6417315ae5da8f9a38ee11de6f7780,7400,aruja,SP,-23.396145591388564,-46.324567815071376
1624,81336a0f57a33776419727a300249e90,13560,sao carlos,SP,-22.014982492231976,-47.8898531792727
1625,02f623a8eb246f3c5f7c2f96462654e6,18611,botucatu,SP,-22.874726231244132,-48.435733289730905
1626,56db5c0782e8f7ddc9343f9576ff6d16,88132,palhoca,SC,-27.649493009771376,-48.679569507395335
1627,29fe9f200d3fa0c668d2aa1ec7e08dfb,88330,balneario camboriu,SC,-26.99272349446266,-48.6319263566894
1628,271b8923c6a549e02d3c9fd1f8c0422b,11704,praia grande,SP,-24.026311023483174,-46.47870463802197
1629,4e06067cc08b3f41d837768d392c3ee3,32604,betim,MG,-19.951379938201686,-44.19600781109792
1630,ec933281fb017b5020d06df29c3f77e8,3820,sao paulo,SP,-23.496069479053713,-46.502487072329984
1631,49e7217cfe4e427191c378ec626d8737,35570,formiga,MG,-20.462288456392713,-45.43342550961002
1632,34f563c82a85b99ae9e6d60db5fc2e28,93700,campo bom,RS,-29.67698305268966,-51.06035322881096
1633,4ddeb3e828550cddc8d45c8bc36ab2d1,1131,sao paulo,SP,-23.522410646488606,-46.637291289621864
1634,90d4125885ab6c86e8820a722be71974,6780,taboao da serra,SP,-23.62366553192866,-46.7913560646326
1635,3a734b715d333a2588a3d54a0c9b8746,6132,osasco,SP,-23.556804971340938,-46.798288500802286
1636,f5b84683a9bf9e1df748cf40f601b39c,1127,sao paulo,SP,-23.52579944148119,-46.64209769435401
1637,392e0502231ae2f8b29994ef6398cd77,18760,cerqueira cesar,SP,-23.034216452529705,-49.16307608480362
1638,5d0363b33554b373851fc1622e4d5f3c,12952,atibaia,SP,-23.105968040086744,-46.59027683057333
1639,6e85dc5ecd97a61094b89b046a509d8e,15845,marapoama,SP,-21.25718405034634,-49.13030926601734
1640,417a1e6c7321084d2a0ae0d023cfad93,95885,imigrante,RS,-29.343596579646217,-51.76487464442068
1641,013900e863eace745d3ec7614cab5b1a,80740,curitiba,PR,-25.441796251463792,-49.311156201980516
1642,c157bdeedcbc9a8e3c8bf0d87ff24428,18120,mairinque,SP,-23.537441378662972,-47.18864783980108
1643,fa3a0b5aabb344b9a92e3524b0202123,83020,sao jose dos pinhais,SP,,
1644,88cf19ec1fc2c58f161aee259d57142c,13570,sao carlos,SP,-22.03030925618695,-47.879367362819224
1645,c13ef0cfbe42f190780f621ce81f2234,1207,sao paulo sp,SP,,
1646,fc908879b9ca1bd65419e54e50432d38,4558,sao paulo,SP,-23.603511842907295,-46.684675098049205
1647,c679fb69a36e1d8349e8c50a217b4d58,95020,caxias do sul,RS,-29.16593633566586,-51.178957455433626
1648,17a053fcb14bd219540cbde0df490be0,13843,mogi guacu,SP,-22.384056626073708,-46.936008839901255
1649,2d34636518ba88f5349b732fcf8ba2e4,1039,sao paulo,SP,-23.54134179223615,-46.63909044885898
1650,d79e8478eed9999493990b44955fb22e,20081,rio de janeiro / rio de janeiro,RJ,,
1651,458d868c9642f55f18f04e951a3fdde6,90670,porto alegre,RS,-30.048936864657794,-51.188850166025134
1652,41b14765bd56c8ad10971074380f9c0c,9070,santo andre,SP,-23.64379660186201,-46.54703342622695
1653,e439f7176d763f92de325271111b2fd5,89219,joinville,SC,-26.252450510203758,-48.87164315773846
1654,7f2617c58d5d06806987308b45654351,4571,sao paulo,SP,-23.604787074289824,-46.69340578900236
1655,cac63f48c38cd7d002a7e846dcd99a23,13170,sumare,SP,-22.821798200546407,-47.27019154532337
1656,04ee0ec01589969663ba5967c0e0bdc0,95910,lajeado,RS,-29.430823732155336,-51.99377718667392
1657,f00e21b1e91a79653163b7fd8f293ff1,37795,andradas,SP,,
1658,9140ef75cc8211c4035935e80e567204,87015,maringa,PR,-23.428720105380464,-51.958302560417756
1659,79a679c36c08d606b3fd47ead9de109b,2611,sao paulo,SP,-23.46916535999555,-46.655019657274266
1660,cc5a78bbad32776dc4e3af205218368c,35501,divinopolis,MG,-20.16197713080603,-44.901595944380745
1661,6eeed17989b0ae47c9f11ece6f38ea90,4123,sao paulo,SP,-23.611237494823,-46.6267809787771
1662,b5f0712d22a873b6797ab6cc65c3fcba,2316,sao paulo,SP,-23.462388708391003,-46.59340464986967
1663,3f9c56764fabca627406093dcb3ef0b4,22745,rio de janeiro,RJ,-22.934907176614402,-43.33370653181594
1664,efb628aa07c8ca93d7db0d85b91a4f5a,26230,nova iguacu,RJ,-22.75396174318815,-43.428210531329604
1665,4e922959ae960d389249c378d1c939f5,12327,jacarei,SP,-23.302332000270265,-45.971756527566974
1666,47648caee88ccfe951fbb27fbf7b4cbe,9931,diadema,SP,-23.666334639674844,-46.6232068144278
1667,ca4b77513ac2040591b0d8fae6958380,9190,sando andre,SP,,
1668,7957cac1a02f45d0a4a7e45626382ec2,80320,curitiba,PR,-25.460856131543846,-49.2949161853529
1669,4cc4fd4fdd406a85bbdc1f824b731bd7,85906,toledo,PR,-24.720663782008305,-53.7200906810485
1670,b8630e1121437d41cb08e3c749c2c2e2,25070,duque de caxias,RJ,-22.777012571951463,-43.30279739953062
1671,cfe94489ddd337d1e29e12f2a7205d10,3178,sao paulo,SP,-23.553490546260754,-46.58618277506776
1672,9cf787a239c1aa29dbd76f153dc13f9a,14403,franca,SP,-20.55365116643561,-47.38714520441383
1673,2a50b7ee5aebecc6fd0ff9784a4747d6,72580,brasilia,DF,,
1674,d297f1055de2956aedfd3b04113dce3e,13382,nova odessa,SP,-22.800422818214695,-47.30746366559665
1675,2c3d56f92f360fb89d849b84e8f50eae,6420,barueri,SP,-23.51111745456992,-46.89479804881626
1676,3442033154be05bac582e173ef54fd12,5413,sao paulo,SP,-23.559718947876974,-46.67999177242549
1677,78744a20ee2f80ba64f6804c25def2b8,50751,recife,PE,-8.065270611040427,-34.91825885334555
1678,c990d6cf976a5718aaedc539f383ab88,13145,paulinia,SP,-22.73418770901355,-47.17648412954401
1679,94e93ce877be27a515118dbfd2c2be41,15502,votuporanga,SP,-20.41694593127069,-49.9849545780125
1680,b566ab0ef88016e00422755e305103c6,37640,extrema,MG,-22.855320706959553,-46.319349745855064
1681,d9cb0052a666de5308b32f32ad5f1b1c,15400,olimpia,SP,-20.73688613452592,-48.909157483385044
1682,a89e143d5211473ae18db9577ee34b64,13486,limeira,SP,-22.565552601516558,-47.38433368475617
1683,1f2eebc0e970fd3c463e4f5d9652687a,1311,sao paulo,SP,-23.56425542523942,-46.65264726326218
1684,941554c5757b73ba0e50aa7732310afc,4142,sao paulo,SP,-23.61195694477597,-46.63078199621038
1685,8581055ce74af1daba164fdbd55a40de,7112,guarulhos,SP,-23.469086979465835,-46.51564874964788
1686,a9ae440659f48b7849df83e82734150b,9015,santo andre,SP,-23.659209786435976,-46.52345868242576
1687,c963a25b8671419c6ce9eebe8fd03218,23943,angra dos reis rj,RJ,,
1688,9485a23c0430ba1d58d359391606fce6,9015,santo andre,SP,-23.659209786435976,-46.52345868242576
1689,0951a6e282947e09cd47969f4ed0b47f,6763,taboao da serra,SP,-23.612072331103366,-46.76107085553177
1690,52f0fe436a347ddad7ed5f9aa4e27eaa,1129,sao paulo,SP,-23.52405848666782,-46.643997461707734
1691,9c7fd21e0aa159b20da593371f08ff7c,6180,osasco,SP,-23.53665933556521,-46.80341475311927
1692,c33847515fa6305ce6feb1e818569f13,88359,brusque,SC,-27.14866003862787,-48.95773034170955
1693,8b8cfc8305aa441e4239358c9f6f2485,86020,londrina,PR,-23.312555098328687,-51.167312420308804
1694,2c00c85d30361cd2ced2969cffbbffa3,31160,belo horizonte,MG,-19.87926911727396,-43.93177725535666
1695,d4e4b5192cba4e0e66eb12a9d347239d,85904,toledo,PR,-24.711284227637968,-53.74789122193225
1696,ade45994b717ccee333492330fbf037b,87505,umuarama,PR,-23.77014297308171,-53.293839385363974
1697,bb5bd94c8f59cc050072d2930c869cac,5008,sao paulo,SP,-23.534019134214766,-46.67595091864682
1698,b05b432bf68945d4d9783f9e3ca29ee8,16200,birigui,SP,-21.29514956103053,-50.34302941703419
1699,2a7dc43cecabf23403078e2188437d1d,4142,sao paulo,SP,-23.61195694477597,-46.63078199621038
1700,578fa3a9cb6b6dceab39231ad59cdaca,60025,fortaleza,CE,-3.735694471900289,-38.53107592645741
1701,615c3462099ffa940d37b17dfda19594,24855,rio de janeiro,RJ,,
1702,a3f0b55de503387383c7b1de3ad7f678,82400,curitiba,PR,-25.39487211738198,-49.34379348409782
1703,6d7f8d9d594e28796b6b3205b00f459c,80050,curitiba,PR,-25.43515989139788,-49.244077248509385
1704,7b7ed56ae755e2880f2b69632e839c1e,74230,goiania,GO,-16.714895323283763,-49.26840459194352
1705,4fae87d32467e18eb46e4a76a0a0b9ce,99670,ronda alta,RS,-27.782290151758353,-52.80627761686821
1706,ea566164622c6b439516ab18062c42cd,5303,sao  paulo,SP,,
1707,821fb029fc6e495ca4f08a35d51e53a5,2030,sao paulo,SP,-23.506515186887075,-46.624707405813375
1708,d6ab728cf30867cf3f1a2e216ae2f9b7,3185,sao paulo,SP,-23.563436600272603,-46.58305841665422
1709,1a932caad4f9d804097d7f8e615baed1,2976,sao paulo,SP,-23.47591905990138,-46.715904219693655
1710,173d56ffbd4c56cb80fc3615487d712b,11370,sao vicente,SP,-23.956051159165785,-46.381856558959875
1711,2be17df1c49978426251562096c3cc09,88704,tubarao,SC,-28.47638879250021,-49.01303050443123
1712,f7c31656c19db6275a8acadca289f426,14940,ibitinga,SP,-21.757225105309477,-48.82954113566027
1713,6025c79c035c3d772133b8b8238463b2,83327,pinhais/pr,PR,,
1714,c6381d2d013342748761e906d45aff76,93180,portao,RS,-29.69348722686723,-51.2340716557908
1715,c500367424994318b9e779ff1ae9a330,13145,paulinia,SP,-22.73418770901355,-47.17648412954401
1716,19e0f40a907ec568c34bfac15de4f4a1,13478,americana,SP,-22.74359315006338,-47.31168498599425
1717,ecccfa2bb93b34a3bf033cc5d1dcdc69,81810,curitiba,PR,-25.50708924630554,-49.27606445727334
1718,c66dccfb3f109511246da627dd5a2498,11900,registro,SP,-24.498655240376014,-47.84564436146152
1719,d921b68bf747894be13a97ae52b0f386,35570,formiga,MG,-20.462288456392713,-45.43342550961002
1720,929f342384a6607afe143d789ade1316,86065,londrina,PR,-23.303854700592968,-51.203159112589354
1721,e256a62e0ac58c0edfba09966142d561,81320,curitiba,PR,-25.476285984296243,-49.318322591496894
1722,b5b800c4065bebf4d3442311c9857344,3561,sao paulo,SP,-23.547807870655873,-46.49481753744419
1723,c8417879a15366a17c30af34c798c332,4445,sao paulo,SP,-23.68248785838499,-46.68496772020722
1724,8dfbc5ff27df12f6cef751d3b9554222,80220,curitiba,PR,-25.456849731896032,-49.264372679633276
1725,e732329483fd5f27367dd997b47f598a,89030,blumenau,SC,-26.8959165269855,-49.08345671361234
1726,989becdce12ebc39863c2bceab6f3ca1,81730,curitiba,PR,-25.50856745422061,-49.22660380826142
1727,9f56a7a649097b166d8ed286ad86a15c,21041,rio de janeiro,RJ,-22.872400265576072,-43.26133702515029
1728,c4d51195486dc781531876a7d00453d8,19023,presidente prudente,SP,-22.111149376985235,-51.39931879222068
1729,98115075dd26cb8835946fc6086f5d30,9687,ao bernardo do campo,SP,,
1730,2305ab43e846518f58dd9d59f3f54e96,8452,sao paulo,SP,-23.53272292991661,-46.398054871470265
1731,2528513dd95219a6013d4d05176e391a,6060,osasco,SP,-23.55304985832057,-46.78185502020575
1732,64c9a1db4e73e19aaafd3286dc448c96,82510,curitiba,PR,-25.40013436713462,-49.24053602350563
1733,44ed138eca6214d572ce1d813fb0049b,92010,canoas,RS,-29.916323384830424,-51.17972692231827
1734,ce4755084bc097113867e6454f8f5e52,14090,ribeirao preto,SP,-21.1800560363759,-47.78824384329166
1735,3e51f9cbe317bc3a88f2c76583811ee4,8032,sao paulo,SP,-23.517959240811027,-46.42655496580909
1736,204b4e07bddef3c9b317f70189135b22,37564,borda da mata,MG,-22.262802188522702,-46.170735100123686
1737,921323538c9f1c4e816f2720eac02bea,1319,sao paulo,SP,-23.552309387900298,-46.64103090039467
1738,1464afc72f696af775557a821c2e253f,28630,nova friburgo,RJ,-22.248759021634378,-42.5431384779408
1739,77a515caa36327151d1cc6c32a9f00e1,9912,diadema,SP,-23.68921039929029,-46.61395100636436
1740,32fdd5d44ecb43dfd6a24b9369eca144,35557,carmo do cajuru,MG,-20.292880535755035,-44.83809486209037
1741,4b0fdb526525f9890eb145bf1534640e,14940,ibitinga,SP,-21.757225105309477,-48.82954113566027
1742,1cd9e0cc1839d55516843def5600816d,3951,sao paulo,SP,-23.58762078921071,-46.488470812002504
1743,7fc87cc3e89b3d1d5cabdca32f8485aa,7123,guarulhos,SP,-23.444799893535805,-46.52533975668787
1744,0c7f30ae9b147eca07affbef92832a6a,84020,ponta grossa,PR,-25.07967239430884,-50.132137269395194
1745,e09887ca8c7bf8a4621ce481820414ef,8431,sao paulo,SP,-23.53377078941512,-46.41754540685539
1746,318f287a62ab7ac10b703ac37435a231,4773,sao paulo,SP,-23.682287642823045,-46.70907091689959
1747,52bb00821bcdd358a5a5a27e1f6be5a1,6268,osasco,SP,-23.50051970188655,-46.77803882552528
1748,acb6c2ca5c82411c1fdb88d5fd5eb95e,3423,sao paulo,SP,-23.54955842106199,-46.540588022411846
1749,26e2e5033827d2ba53929f43e03d8ffe,2611,sao paulo,SP,-23.46916535999555,-46.655019657274266
1750,55dedd83e501d8248880557d9073cbfd,22061,rio de janeiro,RJ,-22.9756621483002,-43.19238190739006
1751,5b179e9e8cc7ab6fd113a46ca584da81,5424,sao paulo,SP,-23.56908297225686,-46.697703396131644
1752,ffdd9f82b9a447f6f8d4b91554cc7dd3,80030,curitiba,PR,-25.41736121752996,-49.260669826665286
1753,4eeb99008a0f59d2c7759c59f9a346eb,6807,embu das artes,SP,-23.627273990129872,-46.82364380448497
1754,f3511c85f59f8dec53d140501ee8e7a8,80045,curitiba,PR,-25.42462684918724,-49.25382259847708
1755,60da8bfa7eebe230b7d66ac4082d79b3,15940,fernando prestes,SP,-21.267084579820693,-48.68662501644836
1756,2c538755f1ca9540af144f266e70df6c,39801,castro pires,MG,,
1757,cb41bfbcbda0aea354a834ab222f9a59,3520,sao paulo,SP,-23.547128385847376,-46.52157802779624
1758,2379bdc3888025689a9deb7b141507d5,13806,mogi mirim,SP,-22.420840424784657,-46.967847187887344
1759,5ee7fd217d08dfe5d3e2f51f96a12c9a,13880,vargem grande do sul,SP,-21.83523840264715,-46.89933155386077
1760,a414555ce331b8c8aea4a9cb8395194d,3638,sao paulo,SP,-23.52843251363091,-46.541413306263486
1761,92992bec39dde5766f590d3b1f46d465,4310,sao paulo,SP,-23.632359550049944,-46.64026161718281
1762,834f8533b2ecb6598dd004ff3de7203a,5181,sao paulo,SP,-23.45543567306614,-46.744696286575035
1763,b5f49fe968dff6b112861e6cd8e192ef,80710,curitiba,PR,-25.426704609661925,-49.298431191096924
1764,b26741d31a563d769b4af0465ab20c56,88061,florianopolis,SC,-27.58216289247143,-48.43132156704565
1765,f7315bb81aea4ddca2d39e249a801c98,7082,guarulhos,SP,-23.436732091459998,-46.543659216329424
1766,8e2b3afb420011ef0c88c9d5f11ea526,13060,campinas,SP,-22.93161122848548,-47.11184961438457
1767,8fff28c4263ddec387f28d237fb42773,5594,sao paulo,SP,-23.582465212849137,-46.74000148760759
1768,0ddefe3c7a032b91f4e25b9c3a08fca1,9721,sao bernardo do campo,SP,-23.719917290465197,-46.547397811517676
1769,730937bf88cb151eb2eb849f642fc213,13500,rio claro,SP,-22.408777003030377,-47.56372736808629
1770,cc3d14116804f7209f3884f6367f1152,82940,curitiba,PR,-25.4573015244662,-49.21743203295968
1771,5dc203c7b84a0e71e878a179de05fb9a,17580,pompeia,SP,-22.103580419439698,-50.17867874736704
1772,440dd6ab244315c632130ecfb63827b1,15502,votuporanga,SP,-20.41694593127069,-49.9849545780125
1773,66fd84ee7528c0c0de85d0f44a73d5ab,98975,campina das missoes,RS,-27.989950402063155,-54.841644067324175
1774,fec6912baad85d41729669edd6b4d3b8,14110,ribeirao preto,SP,-21.25891778871869,-47.81857342832166
1775,666658b8da8370f30e1f89893b1de5e6,3658,sao paulo,SP,-23.528187039733243,-46.500639451436506
1776,f3c38ab652836d21de61fb8314b69182,1206,sao paulo,SP,-23.535143042199056,-46.643331965768425
1777,90b57083da5d803237da74daec6dcb2b,80730,curitiba,PR,-25.43401658480678,-49.297219284159816
1778,45d33f715e24d15a6ccf5c17b3a23e3c,18015,sorocaba,SP,-23.502351815244957,-47.43176875148676
1779,1bb3812d5f0747a3ab7348f199001a10,4708,sao paulo,SP,-23.629950425583953,-46.69226953235904
1780,c33a5c3c983090c8b78a28e65052a20d,88802,criciuma,SC,-28.68292846543402,-49.37031844084045
1781,003554e2dce176b5555353e4f3555ac8,74565,goiania,GO,-16.63684785729691,-49.278889265418876
1782,16090f2ca825584b5a147ab24aa30c86,12940,atibaia,SP,-23.114660872419602,-46.55304457385195
1783,5659d77e8d90378e39b960ad5956f64e,12062,taubate,SP,-23.003655920522505,-45.54815775311337
1784,b561927807645834b59ef0d16ba55a24,2955,sao paulo,SP,-23.468053146034013,-46.72030751013752
1785,28d162ab86bb49d719c32f0ee6186eaa,14079,ribeirao preto,SP,-21.13173215222214,-47.744087116836255
1786,e06f09ec0a4aca210779cf1cfc63cf19,4773,sao paulo,SP,-23.682287642823045,-46.70907091689959
1787,8c9348f33ae3dada25c99c99ade2af78,6340,carapicuiba,SP,-23.56738925992558,-46.82418520765943
1788,da6a60cc8cc724fe51be021ff8be779c,28941,sao pedro da aldeia,RJ,-22.809411732792015,-42.178337891952104
1789,461ff5303b6c9c1a4a07f40c5aece516,83323,pinhais,PR,-25.437777149779343,-49.19383449157267
1790,e82de6494d91d3c4c54450f59b227a94,14940,ibitinga,SP,-21.757225105309477,-48.82954113566027
1791,213b25e6f54661939f11710a6fddb871,13321,salto,SP,-23.19171786480832,-47.290078694181354
1792,78c99c6dff4eeae5be99bf635ed21e3f,17510,marilia,SP,-22.19711573505917,-49.95230373486624
1793,a36ac007a4d18f865c8d32c3b2402c2d,6455,barueri,SP,-23.500661769974375,-46.85197424060613
1794,a2e85714b56b1cb6bb24a9a6e6cad36f,14530,miguelopolis,SP,-20.183149067649328,-48.02607347651128
1795,6b333a05bf188ef3e1f1662a86bd9855,72304,brasilia,DF,-15.8673157312277,-48.059106633628524
1796,56642bcb79900e777d68e91915cb4267,3701,sao paulo,SP,-23.513446330180468,-46.55020672353229
1797,41b86b552e54e3a7009596125aa8b167,2470,sao paulo,SP,-23.485214079828708,-46.649422160183896
1798,1d0997ff06b524ce9289ffd75114ecd3,52020,recife,PE,-8.045263120469752,-34.894135293520705
1799,73b8eb4a9a729d4019b24ed1be748cbf,13070,campinas,SP,-22.891405847408386,-47.08249889237933
1800,a69aa24cec11168e7e39a3fbc727e925,6330,carapicuiba,SP,-23.553368584771498,-46.827157888255435
1801,8ea394aed8138685abe1eb9f25e1021d,18053,sorocaba,SP,-23.50132858032441,-47.518907369283006
1802,8a130737016f838139d31878787a39c9,3187,sao paulo,SP,-23.562111766686723,-46.578979817584596
1803,f682e0f848abafc6f41e0d4e868c66ef,7600,mairipora,SP,-23.33195097754839,-46.59729428207207
1804,11742f81550ac064cc9a40f67151d9ad,15810,catanduva,SP,-21.1535737633196,-48.97127396660097
1805,8a40ae794fa3f9892cee24bd5af0488b,82620,curitiba,PR,-25.382985420044733,-49.22238807068207
1806,0936e1837d0c79253456bbb2ffaaef10,2050,sao paulo,SP,-23.51709774344895,-46.61257076876388
1807,850f4f8af5ea87287ac68de36e29107f,4367,sao paulo,SP,-23.651248192976205,-46.66659272939551
1808,4dc2e811a1760953cb7c6a590b498943,17230,itapui,SP,-22.234640946820317,-48.722331071586154
1809,343e716476e3748b069f980efbaa294e,13033,campinas,SP,-22.904507798606314,-47.09665272070597
1810,e9729944ba65dc3ce425e0c5a22ae7b2,25730,petropolis,RJ,-22.418997217136315,-43.130792710369555
1811,e0eabded302882513ced4ea3eb0c7059,13023,campinas,SP,-22.893317190455804,-47.060596205366885
1812,643214e62b870443ccbe55ab29a4dccf,2134,sao paulo,SP,-23.49841954758921,-46.579606871304
1813,0aa124728afc1131dff5655f4c6f487b,37135,alfenas,MG,-21.42213905266804,-45.96450217990741
1814,ce27a3cc3c8cc1ea79d11e561e9bebb6,3006,sao paulo,SP,-23.542067384338246,-46.624388426388876
1815,da4d149c0ddbac90557103ac0a0ec356,9861,sbc,SP,,
1816,0241d4d5d36f10f80c644447315af0bd,80330,curitiba,PR,-25.46994276319074,-49.3068465197933
1817,272f092de69afedd4d2969440b37f18f,3265,sao paulo,SP,-23.594577471222703,-46.541431692554255
1818,d1aa1ec0839dcab73a6161130eb1f94a,80220,curitiba,PR,-25.456849731896032,-49.264372679633276
1819,8e8a7ce9f2f970dc00e2acf6f6e199f6,24710,sao goncalo,RJ,-22.82328999243296,-43.00384698243707
1820,d7827b2af99326a03b0ed9c7a24db0d3,86076,londrina,SP,,
1821,3935fe5fe0f82787a9dcb8deb62be09d,4905,sao paulo,SP,-23.674571196659645,-46.74944340595514
1822,119d1aef1b4144adba89163f6cd9f5d4,13920,pedreira,SP,-22.741070713194695,-46.896738928118715
1823,9a1aea68d3efa00862ec88c0768037d0,15806,catanduva,SP,-21.13255926581573,-48.95878604472631
1824,a9b533a26e898b12e8b8d4c07279bf4d,21545,rio de janeiro,RJ,-22.84341149706191,-43.343657002521205
1825,5b51032eddd242adc84c38acab88f23d,37564,borda da mata,MG,-22.262802188522702,-46.170735100123686
1826,8cc6a0e5738e61a87b03c78b2ba9db4b,37795,andradas,MG,-22.070559830857196,-46.573545435867445
1827,c53bcd3be457a342a97e39e5a9f0be22,49980,neopolis,SE,-10.327706146428646,-36.577801992450134
1828,f4db9b37944bcb8873e6b456ee190bbf,8599,itaquaquecetuba,SP,-23.465440630740524,-46.34009687735835
1829,729b2d09b2a0bdab221076327f13d050,17320,mineiros do tiete,SP,-22.413298076954245,-48.451408905535416
1830,18e694e0e48ed6f7aa3f24aade5fd697,13224,varzea paulista,SP,-23.21924865873772,-46.832560499960834
1831,30a81d8cf85fb2ada1b1b094c9583a95,3563,sao paulo,SP,-23.546363632498185,-46.49182919588419
1832,6561d6bf844e464b4019442692b40e02,7859,franco da rocha,SP,-23.32940160187254,-46.71615987632735
1833,e64d65bc8dbec2accda90c58de5d1246,13500,rio claro,SP,-22.408777003030377,-47.56372736808629
1834,3903c788ded8dc03b5ebab37a2f3e9a1,6332,carapicuiba,SP,-23.548847255510836,-46.83053285328384
1835,63191ead8d3b2f937cd1996fdcbbad20,13212,jundiai,SP,-23.17152225560725,-46.97576668090332
1836,67bf6941ba2f1fa1d02c375766bc3e53,82400,curitiba,PR,-25.39487211738198,-49.34379348409782
1837,897060da8b9a21f655304d50fd935913,14092,ribeirao preto,SP,-21.1774947273759,-47.76831102590412
1838,76c47a299e4a8fe992316a85865acbe9,14075,ribeirao preto,SP,-21.140480447590075,-47.791336377389385
1839,d1b9d4be4b6f9ebd85f8acd6745ba612,34006,nova lima,MG,-19.981559937945896,-43.94150577499857
1840,3ea08c48e851106d2f584349daba335f,36201,barbacena,MG,-21.225636757012143,-43.789038542488335
1841,389e45560e33d2d0747f949dcddbc08e,12238,sao jose dos campos,SP,-23.25711207430019,-45.91856224397398
1842,b81e3a6c866a764974fe849821abeebd,9360,maua,SP,-23.685189808199564,-46.456939465332376
1843,40536e7ca18e1bce252828e5876466cc,7747,caieiras,SP,-23.390896938286577,-46.719854914178846
1844,b494891378bd8f4560abe576c52deacd,4160,sao paulo,SP,-23.625439622300366,-46.61208243927651
1845,09f952a5f58d2285b0372551ae8f9b01,9725,sao bernardo do campo,SP,-23.704305914494135,-46.55683830488157
1846,14d7985702e72162bbf13b6beb74ab2b,9131,santo andre,SP,-23.695143966824897,-46.49758809590613
1847,2c4c47cb51acd5ea5db5e0ae0e26542a,15290,buritama,SP,-21.06743471419385,-50.144448317957064
1848,b416191c9813d821a295cfabafff4161,14407,franca,SP,-20.496383248420045,-47.41802549654823
1849,9616352088dcf83a7c06637f4ebf1c80,87504,umuarama,PR,-23.751572000886878,-53.30201313629071
1850,557f22c76691849db52d2abccf0015d0,75650,morrinhos,GO,-17.733108195856715,-49.11374034658263
1851,968ee78631915a63fef426d6733d7422,99700,erechim,RS,-27.63599551298851,-52.27286590091149
1852,533d46c1b06970e99f09523a61df4972,18200,itapetininga,SP,-23.587646370831962,-48.045090926749104
1853,1dd33b8119b3cb1056ed5dc88cd0aaf4,4710,sao paulo,SP,-23.627697376861725,-46.69613686284831
1854,ac137bac82ffa8548e62bd9d01d2a14f,3631,sao paulo,SP,-23.53052238637075,-46.55120407358755
1855,2dcf93836ae3ce0d7c93e2f10876467a,12240,sao jose dos campos,SP,-23.22465053426939,-45.91648551545299
1856,51702dc2a3e106c76dbff722b5bf0726,13835,conchal,SP,-22.338518695550928,-47.16870256768665
1857,97512d3fc193b2d1dfcdba0f9d1f0f8a,8270,sao paulo,SP,-23.561239859298666,-46.46144116203684
1858,f3975e8a41157005d4bcbb358678cd9b,89870,pinhalzinho,SC,-26.847710018870902,-52.986919104124375
1859,76d336555bb25f3165d2f0d6da719c40,18015,sorocaba,SP,-23.502351815244957,-47.43176875148676
1860,f08a5b9dd6767129688d001acafc21e5,90230,porto alegre,RS,-30.00830163357755,-51.20140475549246
1861,ae45df84722b1d15c5f32b23a095746c,3062,sao paulo,SP,-23.54109148805972,-46.589519058068014
1862,d197aa8fbc64087f61984deef05f6227,12224,sao jose dos campos,SP,-23.179454770969244,-45.825036109747586
1863,afa6714acee029b2dfdf357e5579cc03,13690,descalvado,SP,-21.90875340512431,-47.61985789357961
1864,520b493b57809f446cb0a233bb3e25c7,11075,santos,SP,-23.95426278142645,-46.33766255766887
1865,9b1ab052f5fca308ba743ac789ebb2e1,85200,pitanga,PR,-24.75762438764076,-51.766579746014386
1866,bab0a8cd684e41ba6e2637dca0979d3b,22793,rio de janeiro,RJ,-22.999729789317982,-43.401028570814155
1867,b83cedfb587e7911540e3f576d6917ce,4870,sao paulo,SP,-23.761448230651695,-46.75363272832773
1868,0ef83d7d83ed97cd2a0049ac8be5f88a,80230,curitiba,PR,-25.442354162020774,-49.266756042183864
1869,d13e50eaa47b4cbe9eb81465865d8cfc,9210,santo andre,SP,-23.63704653483596,-46.52810977901231
1870,37303482a42fb700d8d127e70a9cd6c8,13070,campinas,SP,-22.891405847408386,-47.08249889237933
1871,b2bdc5e7940a7d7ca8c4a37953b27a42,13880,vargem grande do sul,SP,-21.83523840264715,-46.89933155386077
1872,5c6d4016c2a288f074fa0848a2b653d2,1209,sao paulo,SP,-23.540705057964935,-46.64148263449229
1873,88cd3681e0a2ba85e190f7d817629c4c,88354,brusque,SC,-27.109644341854988,-48.926606605139206
1874,da8622b14eb17ae2831f4ac5b9dab84a,13405,piracicaba,SP,-22.70848467746202,-47.664918458117526
1875,fe26f3ecb51a15e6d8335cd92da42562,4365,sao paulo,SP,-23.673441208672653,-46.646245541682894
1876,5151aea44289d6c6b090ee31c2132508,17515,marilia,SP,-22.211146926897552,-49.93926515259526
1877,9c351405b754cc5ce3e2ecf277bb034a,3134,sao paulo,SP,-23.584332156781013,-46.58458029365325
1878,13511db12ac61e2f89c53b72a944a60b,95020,caxias do sul,RS,-29.16593633566586,-51.178957455433626
1879,4b90495391ac0bd181a80a459df1e718,96400,bage,RS,-31.327444778029435,-54.10715186156649
1880,b37c4c02bda3161a7546a4e6d222d5b2,3667,sao paulo,SP,-23.53125385693662,-46.49481115105396
1881,5f1dc28029d2c244352a68107ec2b542,5126,sao paulo,SP,-23.50239343120614,-46.74122084244225
1882,710e3548e02bc1d2831dfc4f1b5b14d4,86600,rolandia,PR,-23.312183546287315,-51.363684692076326
1883,485452467ff670447e84a8370c3fc898,89190,taio,SC,-27.118648241991384,-49.99893014406661
1884,4d8809767a5bafe22909c77951fb6b41,6803,embu das artes,SP,-23.64898016147102,-46.84903894927516
1885,3ab971ce71839580d2ae5b4e40fe8044,3210,sao paulo,SP,-23.598741010668583,-46.553258519684356
1886,9d4db00d65d7760644ac0c14edb5fd86,18025,sorocaba,SP,-23.515514343559108,-47.44342255226175
1887,1dcfa3835714681d4ba4a93bc1e0fd41,16200,birigui,SP,-21.29514956103053,-50.34302941703419
1888,6da1992f915d77be95d7fa48b36904af,1026,sao paulo,SP,-23.539650455772748,-46.63217613622506
1889,d4f117125b59ce73c3302f88ee40c458,4058,sao paulo,SP,-23.610283504899932,-46.64793714233527
1890,1de62b6f2fd96227629786db492433db,16021,sp,SP,,
1891,30a2f535bb48308f991d0b9ad4a8c4bb,13457,santa barbara d'oeste,SP,-22.767387679489353,-47.38375534852387
1892,a36b125ac6d5fdbc7f50de85c9157bdc,14020,ribeirao preto,SP,-21.2003057274864,-47.80256738061809
1893,1336efc61c316ddf92c899eb817f7cae,19800,assis,SP,-22.665674401855373,-50.415155565744946
1894,620c87c171fb2a6dd6e8bb4dec959fc6,25645,petropolis,RJ,-22.541460436380635,-43.20215396749451
1895,ab91571efab27993ff2f6b36e38055c3,4319,sao paulo,SP,-23.647396847973827,-46.636312574306
1896,63a79f5a7eb5cb48a7e5787b141c7993,38701,patos de minas,MG,-18.57598076375394,-46.52661842347757
1897,070d165398b553f3b4b851c216b8a358,3916,sao paulo,SP,-23.588643492933443,-46.511240157357335
1898,b64d51f0435e884e8de603b1655155ae,7077,garulhos,SP,,
1899,9fc70243fb26800cba56e8f014797004,30270,belo horizonte,MG,-19.92137558983706,-43.90611074343838
1900,1cbcd2ee0afb3fc09963b87eb65e7e4f,82640,curitiba,PR,-25.376827960496556,-49.2356129911279
1901,344223b2a90784f64136a8a5da012e7f,89117,gaspar,SC,-26.852020015885756,-49.024013480869954
1902,4c8b8048e33af2bf94f2eb547746a916,14940,ibitinga,SP,-21.757225105309477,-48.82954113566027
1903,7a704e63bb29c446869efde5d57524c8,85601,francisco beltrao,PR,-26.08067032283779,-53.05370867570087
1904,88460e8ebdecbfecb5f9601833981930,87030,maringa,PR,-23.41356886778423,-51.92757078085311
1905,7d76b645482be4a332374e8223836592,1511,sao paulo,SP,-23.561185490226947,-46.633124284227094
1906,296729ffb9b684050dd24836dac4494a,80240,curitiba,SP,,
1907,5f06030071324cc52bf0304014ac7234,17514,marilia,SP,-22.186810931952266,-49.92677335242206
1908,c542f5a8c64d973f30e9df8d06f70b4a,2013,sao paulo,SP,-23.502270189506874,-46.63324827800431
1909,d36b07fd3c5088e477a72d1fccfe29d4,18200,itapetininga,SP,-23.587646370831962,-48.045090926749104
1910,46ef1a25845fc051c2998d878354810c,35530,claudio,MG,-20.437920263491275,-44.76330196586492
1911,a61cc04793308395a840807104365121,13240,jarinu,SP,-23.096673765346942,-46.71740337428802
1912,cac4c8e7b1ca6252d8f20b2fc1a2e4af,13347,indaiatuba,SP,-23.13353750872446,-47.226923099668944
1913,cc63f0dd2acba93ffed4fe9f8e0321fa,15025,sao jose do rio preto,SP,-20.806072151507887,-49.388594200701824
1914,b29d3380981c51df13fc6fbe87e1763d,14057,ribeirao preto,SP,-21.132690803148456,-47.84615298287583
1915,a53f60f05f822b5c621a50ff6a5cb362,38402,uberlandia,MG,-18.874468701949514,-48.27416432425419
1916,dbec9a0a7efeff029d4d9dce7dc4cc95,31920,belo horizonte,MG,-19.87074425210356,-43.91277629295197
1917,8de8fe3af4449ed695d2434c933ed73e,1215,sao paulo,SP,-23.536176105038816,-46.64759439913432
1918,aa762680c40618316a896838866140ea,82510,curitiba,PR,-25.40013436713462,-49.24053602350563
1919,577719699805dd125d5b6fdde5943bba,95150,nova petropolis,RS,-29.37569881325935,-51.108665770026846
1920,13dd308f81fea30cc670c656b2b46cc3,13454,santa barbara d'oeste,SP,-22.740702425564713,-47.375966265233686
1921,01fd077212124329bac32490e8ef80d9,14079,ribeirao preto / sao paulo,SP,,
1922,7a188843479798ca813108fa7b959286,4276,sao paulo,SP,-23.600024600507865,-46.61422683978738
1923,cb32766839f443db85c82a43c4a6c19e,13506,rio claro,SP,-22.391124182771183,-47.548853066468276
1924,7aa538dd6e114e503a2e6154ea352253,15807,catanduva,SP,-21.123919377550852,-48.95109155793941
1925,e0a3c37054ade6478d923a6efc10f308,88340,camboriu,SC,-27.023529259513925,-48.6485926348008
1926,0d4c8269e7f0401201794deef160edd6,14076,ribeirao preto,SP,-21.155950712466637,-47.78648886443454
1927,3d68c634a99a1ba46dbca3967a69c623,88270,nova trento,SC,-27.284123947671503,-48.93168449585635
1928,8fbe2ee446b97e128471be4ce983dc0d,18103,sorocaba,SP,-23.41918450378245,-47.41652951718489
1929,e0b162a693bc7f9eab00f783a31d60ea,96020,pelotas,RS,-31.756574676776953,-52.34160338232037
1930,1f867308a0ce13133a4e639ff4de0c02,82510,curitiba,PR,-25.40013436713462,-49.24053602350563
1931,06a2c3af7b3aee5d69171b0e14f0ee87,65072,sao luis,MA,-2.5020225941547225,-44.24824237128369
1932,2e90cb1677d35cfe24eef47d441b7c87,2285,sao paulo,SP,,
1933,9315e491484b1b0081ca166fc164108d,86039,londrina,PR,-23.321030637777863,-51.14176307883429
1934,adbc26658d6c7b4b6219f9d934598091,81770,curitiba,PR,-25.527829415584034,-49.241286094948855
1935,0ffa40d54288e4f3499b8780dd0f144f,19013,presidente prudente,SP,-22.135926281697603,-51.39177971108944
1936,d05ae8f7a5bd1d2a690a44cd079e4e27,22775,rio de janeiro,RJ,-22.965097551656015,-43.3806326301091
1937,508808d438fe2ff972ed13bb8f4a82e2,3963,sao paulo,SP,-23.609509596812043,-46.479803829919746
1938,28fb0829fd777877cdc350d25cb5bd5b,15051,sao jose do rio pret,SP,,
1939,c794dab4928dd97beb41d05514441e86,13160,artur nogueira,SP,-22.570786711814478,-47.165647847939
1940,1976a05ecf2996d6ffb7b5430e635fe7,19806,assis,SP,-22.655407551662456,-50.42568305325905
1941,c70a353f02429c00775a46a75fb787da,8275,sao paulo,SP,-23.571812416712156,-46.479613760433885
1942,39d61be7a92eb77b7da367bd4845bc0e,13420,sao paulo,SP,,
1943,c510bc1718f0f2961eaa42a23330681a,13330,indaiatuba,SP,-23.08584137431789,-47.21665233680304
1944,8cf21434553b02cbd37c0bbd07e041b0,88102,sao jose,SC,-27.59643300072976,-48.61618180790419
1945,edd066cd02126d7800f9b66e980e9931,70070,brasilia,DF,-15.776614833418876,-47.89632109117661
1946,cf281cf8b7affbdfe751b29cc85580e1,61760,eusebio,CE,-3.877959430724656,-38.458506282740444
1947,392353362d22cc2c236e1ee81ff19890,89069,blumenau,SC,-26.796825418763998,-49.09516518377151
1948,1f7fd2a6fcd5a6fa5d8a4dabc72aaae0,95800,venancio aires,RS,-29.611215299839454,-52.19417393034304
1949,c878515173c84a492ebe50d6b493230b,85880,itaipulandia,PR,-25.150255553559262,-54.30368917147121
1950,77714512e8d4dda9c234da8e3faf16e4,7056,guarulhos,SP,-23.46014343251304,-46.56573759288098
1951,0eaa7e33d73809f1f925f7d07c506cbd,9111,santo andre,SP,-23.673238738080425,-46.489113668570745
1952,bcf5566870987da7bc811fbc8c5b9fd9,3378,sao paulo,SP,-23.570815594178818,-46.538060224431305
1953,3d01d1c414c44b5943a09619ff3853cb,13040,campinas,SP,-22.93763668231932,-47.06109818534649
1954,2e1c9f22be269ef4643f826c9e650a52,4850,sao paulo,SP,-23.748958969662098,-46.68120162521217
1955,00fc707aaaad2d31347cf883cd2dfe10,87025,maringa,PR,-23.382360759042154,-51.928078277300344
1956,52f6f9f13ba19504c02781132a049e75,80540,curitiba,PR,-25.40628417879295,-49.26164449471568
1957,83c8aafbefb034674a70de0eac5b8954,85601,francisco beltrao,PR,-26.08067032283779,-53.05370867570087
1958,58e4b302b54937e55a678c4d15111da4,83402,colombo,PR,-25.346400524944226,-49.22183548978743
1959,d1c281d3ae149232351cd8c8cc885f0d,14940,ibitinga,SP,-21.757225105309477,-48.82954113566027
1960,33c51922b6e3c16b24a8f28e5833c99d,86010,londrina,PR,-23.31838335948797,-51.156971259797714
1961,f80edd2c5aaa505cc4b0a3b219abf4b8,3431,sao paulo,SP,-23.551871625336613,-46.535854518723426
1962,0761743cbffb25d7148189e9f1a5f03a,14096,ribeirao preto,SP,-21.20253730501825,-47.77767099981078
1963,0b46f784306be7200ca1700aa55d819f,31210,belo horizonte,MG,-19.906881011585426,-43.94924199623332
1964,7a9c12e235c36247c3c81f50d6ea9cea,9541,sao caetano do sul,SP,-23.62031918470236,-46.564104728028354
1965,8629c241b3622ac12cd4118afdc8d394,14090,ribeirao preto,SP,-21.1800560363759,-47.78824384329166
1966,3ade81dab5a172b88e1871c28ae05260,15076,sao jose do rio preto,SP,-20.831733335893475,-49.35214660026992
1967,562fc2f2c2863ab7e79a9e4388a58a14,13070,campinas,SP,-22.891405847408386,-47.08249889237933
1968,7dc8c42cc750eeafea6c85712ffee9bf,5424,sao paulo,SP,-23.56908297225686,-46.697703396131644
1969,247587846358bb1d2e4c6522020b36fe,15093,sao jose do rio preto,SP,-20.853226243195763,-49.411210799783866
1970,a35ef466c6fd6d052f5d241240d3c5e2,93347,novo hamburgo,RS,-29.681096270989286,-51.16647568175134
1971,651530bf5c607240ccdd89a30c9c9712,44600,ipira,BA,-12.157438889560044,-39.740223750212515
1972,f1c1ac3f3efc07e659c035008e615e66,2119,sao paulo,SP,-23.513072091248,-46.592078107820114
1973,df0f42bc4c2142eacf0eaf2cffd0cfbb,88306,itajai,SC,-26.93895776358723,-48.63967537756494
1974,40db9e9aa57f7bb151bcda6b0f9bdbb7,52010,recife,PE,-8.059619186026776,-34.90063981917
1975,68ca56ce86830f3d31b1b7ec6a54da3e,83280,guaratuba,PR,-25.888595862552247,-48.58518455198979
1976,960945e1a9535cbc0cd6ddd35fbe7ae8,8290,sao paulo,SP,-23.553410678569314,-46.45223989564777
1977,c00396cbdd2e088fe4281baa5920aef1,83535,campo magro,PR,-25.375923341646313,-49.38748957765852
1978,8d92f3ea807b89465643c219455e7369,3052,sao paulo,SP,-23.54065364464337,-46.60698556286522
1979,c52c644cc0dc85121207a27013efc6af,36325,tiradentes,MG,-21.11012566489478,-44.17422924657657
1980,7e26c750b4cb9f6766f58265ff9ebe95,30270,belo horizonte,MG,-19.92137558983706,-43.90611074343838
1981,5a8e7d5003a1f221f9e1d6e411de7c23,13076,campinas,SP,-22.881787669308846,-47.051563381782884
1982,6d1b9c9579132c87d2703ec38c30f2c5,82515,curitiba,PR,-25.3954224961262,-49.230383252107
1983,20f0aeea30bc3b8c4420be8ced4226c0,13456,santa barbara d'oeste,SP,-22.75781290992165,-47.377467401947705
1984,575df70bde3f9f2b30bf8d2e9910d725,15075,sao jose do rio preto,SP,-20.819400908295215,-49.35385719336613
1985,5d3bb11474a06bdc23fb9e89f1164ee0,19804,assis,SP,-22.66351946505792,-50.43534973869858
1986,c35affa65afd250151285c5917fc1c8a,8050,sao paluo,SP,,
1987,e59e489e2ea74bd409b798b5daf49de3,87060,maringa,PR,-23.448847178523913,-51.954465863978356
1988,7d948535954aaf8c5d39db007f74372e,11442,guaruja,SP,-23.97584449939238,-46.219279425904375
1989,c7b7db6c8f3c64a7cc1afa634db21d50,4367,sao paulo,SP,-23.651248192976205,-46.66659272939551
1990,1352e06ae67b410cdae0b2a22361167b,26051,rio de janeiro,RJ,,
1991,3bb548e3cb7f70f28e3f11ee9dce0e59,87040,maringa,PR,-23.413319312129172,-51.90727275881094
1992,ee2fbacc2fc3794e656cc4d933d59ce7,5061,sao paulo,SP,-23.539255270094717,-46.704817580946916
1993,522620dcb18a6b31cd7bdf73665113a9,85801,cascavel,PR,-24.958865574594334,-53.46271849373341
1994,d32e3909cfb714fb2a6cb092c85b9c5f,13215,jundiai,SP,-23.169970961512696,-46.88596793913642
1995,e5c84227854980f1db19a58958c551d9,83823,fazenda rio grande,PR,-25.659378996732592,-49.30054775973823
1996,ce7d1888639e6fb06b2749cbfdac1ff7,37443,baependi,MG,-21.960840371079797,-44.88799124145116
1997,693660429f9dc4ff704eb3d88dad54d7,9170,santo andre,SP,-23.708454195658817,-46.50892358532478
1998,2cb4700db635baa1c0d4f90ed27b6669,81070,curitiba,PR,-25.482961231196978,-49.30348234969548
1999,a4b6b9b992b46e9ef863637af96e04bc,88090,florianopolis,SC,-27.592118434798074,-48.59616769441263
2000,ff1e15b778c700abdd4d239b81ac466d,81260,curitiba,PR,-25.483649510326753,-49.352634083917195
2001,820c7c9eaf76d2b226b6c242bcf3f34d,4756,sao paulo,SP,-23.646758138181813,-46.71891788286675
2002,85d9eb9ddc5d00ca9336a2219c97bb13,31255,belo horizonte,MG,-19.86963430072193,-43.950959989265286
2003,a673821011d0cec28146ea42f5ab767f,3809,sao paulo,SP,-23.490680201703167,-46.4766084672752
2004,ebe3dabc4955c9b0d695e7bda38bf5c3,14085,ribeirao preto,SP,-21.166130493221537,-47.797796267094135
2005,ca7c6bd577e559472af1c699de9e764e,9812,sao bernardo do campo,SP,-23.72504740226306,-46.5703581523708
2006,c8b3445d737de6befde0c88ede534a5e,5734,sao paulo,SP,-23.62653179330635,-46.74355394682292
2007,eb5b6204dde3a6e03b5f1bb8479f055b,6900,embu guacu,SP,-23.805442562659522,-46.80654686472976
2008,4a5b36211b1f51bf7eaa5c10a57fa483,24445,sao goncalo,RJ,-22.818494770424255,-43.03340686652181
2009,2e1a7d075abe038c1b2743005fe42ff1,3461,sao paulo,SP,-23.569901050335485,-46.525603362405285
2010,973f21788dfab357250f69a8dcb7ddee,35530,claudio,MG,-20.437920263491275,-44.76330196586492
2011,ba89796db68db180bd389de96b2ff3b6,5763,sao paulo,SP,-23.64408954687212,-46.75989940563298
2012,b9ec22de23f18567de0e09d776ca0309,72318,brasilia,DF,-15.863760023092482,-48.084920789132056
2013,79ee721b6f766066a80264402548d359,17011,bauru,SP,-22.3318575071505,-49.054159058779184
2014,11bfa66332777660bd0640ee84d47006,14085,ribeirao preto,SP,-21.166130493221537,-47.797796267094135
2015,7d484ca289afaac6bf5fc6a1e96d2226,79104,campo grande,MS,-20.462388602423808,-54.68984649951302
2016,5160d23075764e18e07c1f4a87fad743,9720,sao bernardo do campo,SP,-23.714818773658436,-46.55438655343134
2017,3a1a1fec38dd360f15fc912e821e169d,2451,sao paulo,SP,-23.498803406659118,-46.64253924113793
2018,141440cad9341e553f8401c574a2aa38,85200,pitanga,PR,-24.75762438764076,-51.766579746014386
2019,05aebce0b5c8f0d41b29b686f2d05fd3,3962,sao paulo,SP,-23.605853770391587,-46.48141958412218
2020,dd39ad39b5d3df33037e141c72497ba6,4282,sao paulo,SP,-23.607984848813928,-46.6105462779808
2021,695051e2981c8b19e77cafe450d5bdf3,6276,osasco,SP,-23.48682878390368,-46.77624830701592
2022,dd55f1bb788714a40e7954c3be6df745,1021,sao paulo,SP,-23.54284948752205,-46.632068314480904
2023,ae7ab174effdead6c241e547e4ca13f0,86703,arapongas,PR,-23.393159702253453,-51.42015058543179
2024,9d7a1d34a5052409006425275ba1c2b4,14403,franca,SP,-20.55365116643561,-47.38714520441383
2025,8c351ed7c326c62123318f4f3246e906,11701,praia grande,SP,-24.008185076975675,-46.41921155863092
2026,dc4a0fc896dc34b0d5bfec8438291c80,14940,ibitinga,SP,-21.757225105309477,-48.82954113566027
2027,3a4127e1ba7208ea37044c5092aae170,8226,sao paulo,SP,-23.5572414140918,-46.55564172789958
2028,7c4402417d51474d4d0cda9557340e40,9530,sao caetano do sul,SP,-23.62152144985108,-46.57469110375728
2029,b9ca8e8baa5d4aa038394a700f63e69f,3001,sao paulo,SP,-23.542708936516185,-46.61635401917324
2030,3968920b9aa752ab98f7d5888c9252f2,17056,bauru,SP,-22.353734973383137,-49.101402852523776
2031,9b522ba7eae9e1d04082f267144583cc,4843,sao paulo,SP,-23.74315814251068,-46.69456211582417
2032,539ed9e19811677513447759be5eccfc,31520,belo horizonte,MG,-19.819288604302308,-43.96916662791189
2033,e26901d5ab434ce92fd9b5c256820a4e,9350,maua,SP,-23.68085820720071,-46.44442356665189
2034,9d5604a1f112324ad6b2aa552122e0fb,88075,florianopolis,SP,,
2035,a6fe7de3d16f6149ffe280349a8535a0,14401,franca,SP,-20.528262370114636,-47.38709863765947
2036,aac29b1b99776be73c3049939652091d,38408,uberlandia,MG,-18.92428632101076,-48.24874215725211
2037,54a1852d1b8f10312c55e906355666ee,13456,santa barbara d'oeste,SP,-22.75781290992165,-47.377467401947705
2038,88ae906ea2acf6971f26c3e8b7cb4357,1550,sao paulo,SP,-23.57333596979514,-46.61612024915995
2039,bba8d0c234a52b87b3957037a215d1a4,74343,goiania,GO,-16.73553802569952,-49.302738090001675
2040,c826c40d7b19f62a09e2d7c5e7295ee2,7133,guarulhos,SP,-23.436613540049805,-46.51131836951586
2041,a425f92c199eb576938df686728acd20,81050,curitiba,PR,-25.490156819212228,-49.3022318506541
2042,3c3017960b2dbd72711a61f0400aab8f,89251,jaragua do sul,SC,-26.487423066285714,-49.080731966886276
2043,ab9db4cf53b08b828b64dccaafc2d9f0,96530,paraiso do sul,RS,-29.72489956450898,-53.180985608466436
2044,113e3a788b935f48aad63e1c41dac1bd,12570,aparecida,SP,-22.853025699859607,-45.25021091003281
2045,94c49f20a123aeb9360dbf80ff912bf6,18015,sorocaba,SP,-23.502351815244957,-47.43176875148676
2046,1ca4bdb0cd7fc48e949bac066188ed26,36773,cataguases,MG,-21.383043562299655,-42.70414090916943
2047,d12c926d74ceff0a90a21184466ce161,2634,sao paulo,SP,-23.458627422246266,-46.65154744728061
2048,71dc18fd8cbf5fd77f45dd8b427abb34,82520,curitiba,PR,-25.41482880529096,-49.23017169496971
2049,b43d8b707f887a30f4675391098354a0,44600,ipira,SP,,
2050,f235413f677777a0738ff215d0184901,17250,bariri,SP,-22.074148535297056,-48.74036120641809
2051,985c92cc412091f8529c12d7f23d3fef,36300,sao joao del rei,MG,-21.135106412705504,-44.26230624118469
2052,038b75b729c8a9a04b0d07cba7eabe86,12231,sao jose dos campos,SP,-23.223307677729892,-45.881384182528535
2053,a4b8d97cd5d3674eeff96abc99d8ed67,13177,sumare,SP,-22.81006336635015,-47.2262982783715
2054,ffad1e7127fb622cb64a900751590acd,13465,americana,SP,-22.743732016682234,-47.33644932093533
2055,594f9aaa48e5bf431f011ddc5669b0d5,32185,contagem,MG,-19.84778182811103,-44.029711633407494
2056,eba88037e1dca898cd02881f67ced679,3647,sao paulo,SP,-23.525747188661843,-46.527746989014524
2057,01ed254b9ff8407dfb9d99ba1e17d923,8710,mogi das cruzes,SP,-23.522632291585587,-46.19590510039435
2058,f7ccf836d21b2fb1de37564105216cc1,14940,ibitinga,SP,-21.757225105309477,-48.82954113566027
2059,7e3f87d16fb353f408d467e74fbd8014,4809,sao paulo,SP,-23.716932371519903,-46.69465325669805
2060,9140bd1d9de28b197dce077bdd687438,13900,amparo,SP,-22.703135389815664,-46.765885899422265
2061,a2b911e9ad40dc7d61c142a4683e2d85,27353,barra mansa,RJ,-22.540820453844827,-44.22553816456364
2062,a56e351445e5863fc8960640ba9190c7,88306,itajai,SC,-26.93895776358723,-48.63967537756494
2063,bb135baca94c82fcb731335ad5b04a03,4362,sao paulo,SP,-23.64528597569046,-46.668253611250414
2064,a353b1083c9863d756d9404695016d64,29150,cariacica,ES,-20.323297841914464,-40.3778802391626
2065,b56828a9f9027f3c918c04ca720d9e3c,11707,praia grande,SP,-24.054663823036208,-46.54274078362004
2066,6e0908ef4d4efadbc3cc2b74ea477cb0,20910,rio de janeiro,RJ,-22.899538516168796,-43.230878669504285
2067,5d9f3746e112e696f98ea22c56b3e912,3171,sao paulo,SP,-23.550726388970816,-46.590124641105504
2068,c8143b3069f6746a77421b5ce30a450c,75345,abadia de goias,GO,-16.767160822619225,-49.43817835239691
2069,f5f46307a4d15880ca14fab4ad9dfc9b,89165,rio do sul,SC,-27.23104053684135,-49.65692525998903
2070,58c851d1a3c7cd3da329eb59453fed44,13504,rio claro,SP,-22.392217406389072,-47.578418519250064
2071,4830e40640734fc1c52cd21127c341d4,3573,sao paulo,SP,-23.557050086325496,-46.509249598925905
2072,dbb9b48c841a0e39e21f98e1a6b2ec3e,3929,sao paulo,SP,-23.605545857918646,-46.49039332008041
2073,8fb67a334bacec338885b4e9e1708073,85905,toledo,PR,-24.713245594106347,-53.735012723338805
2074,c6a7539d424a8402232c2228d7a03c5e,3191,sao paulo,SP,-23.568303740797784,-46.572028306071616
2075,72c5da29406b4234927b81855e7b64f6,7077,guarulhos,SP,-23.43609855054711,-46.55205732105067
2076,e83c76265fc54bf41eac728805e4da77,16074,aracatuba,SP,-21.193355397155074,-50.45296056501104
2077,a72f15980dc3e9bfd1a49ac9b2f3af65,17512,marilia,SP,-22.15965734576263,-49.96270466053301
2078,ad738d3fcf42655ed15c4960b7b6c601,93425,novo hamburgo,RS,-29.719914337408042,-51.11801100010334
2079,0ed6ce5d87fd9c69eaacaeb778d67235,13473,americana,SP,-22.720396033185754,-47.30774912191011
2080,00d8b143d12632bad99c0ad66ad52825,30170,belo horizonte,MG,-19.927260748646614,-43.94485660070069
2081,fedf2c1386e137f296b3bbf3b635e69d,3410,sao paulo,SP,-23.550340556845107,-46.551331686050496
2082,8bdd8e3fd58bafa48af76b2c5fd71974,1552,sao paulo,SP,-23.570120660130193,-46.61172313318921
2083,4391ea5c5990502176a1dcda44a2373d,91910,porto alegre,RS,-30.103249064549843,-51.24229131159423
2084,38e6dada03429a47197d5d584d793b41,4763,sao paulo,SP,-23.669481603295907,-46.7192570033351
2085,6973a06f484aacf400ece213dbf3d946,12230,sao jose dos campos,SP,-23.226155136599612,-45.88735373043282
2086,e83e93b71371817b11d78a63ff156aee,6409,barueri,SP,-23.49428851329372,-46.89616631017783
2087,9bade61a92bed55a25d2b67b9f4ed739,83005,sao jose dos pinhais,PR,-25.538660307043344,-49.19925314739302
2088,6c6cc59a5c00cacc5054ca06d65cc282,97110,santa maria,RS,-29.699222136477108,-53.736748730512346
2089,c6381b1321d7d97717a5bb4ed5b77882,4276,sao paulo,SP,-23.600024600507865,-46.61422683978738
2090,d29ba1220fb8634fa3a107e54497b8a4,13560,sao carlos,SP,-22.014982492231976,-47.8898531792727
2091,226b05fe067266c59c15dae208213d06,81520,curitiba,PR,-25.461806603337433,-49.23990006030815
2092,578460d8319c51dab351cd9db95eadfe,74550,goiania,GO,-16.663012172203377,-49.2820559466725
2093,328acb143b4a73aad6bee8e734f5d20d,85865,foz do iguacu,PR,-25.512100198141834,-54.58551058541922
2094,788f22bafdd7ab0e1e79f19db72f16a4,4137,sao paulo,SP,-23.605677002781988,-46.61160287938973
2095,86ff3eaef0267069cc891a2ed9d10a17,88135,palhoca,SC,-27.678358616190256,-48.68819415773257
2096,5f7300535881cef3b625fd683cf7d145,92020,canoas,RS,-29.917139896601167,-51.17258599388649
2097,0cbcee27c791afa0cdcb08587a2013a8,37410,tres coracoes,MG,-21.693351229048602,-45.25940943644632
2098,20611af7866c6068fd5ae1f9dbe15c92,13660,porto ferreira,SP,-21.867396479393847,-47.47862930181371
2099,1fa2d3def6adfa70e58c276bb64fe5bb,4106,sao paulo,SP,-23.581491028766518,-46.63516061439719
2100,3d2531eccfbde1d7c8db7a3a12fb267a,31340,contagem,MG,,
2101,fcdd820084f17e9982427971e4e9d47f,14075,ribeirao preto,SP,-21.140480447590075,-47.791336377389385
2102,d8dd176509baa37f359644d082bf7f7b,9570,sao caetano do sul,SP,-23.632450248586665,-46.56427188626471
2103,cb5ff1b9715e99589f3e0c7a6afab9e3,87060,maringa,PR,-23.448847178523913,-51.954465863978356
2104,9b1f656ca3060f8af17a50d8a024b533,11013,santos,SP,-23.938839327667406,-46.326237431738484
2105,43a5d4a57af536fddc96d08be3afdfcb,37006,varginha,MG,-21.56577352085556,-45.438658973271764
2106,b1a81260566c1bac3114a6d124413f27,99500,carazinho,RS,-28.291480903648107,-52.79032945247025
2107,080199a181c46c657dc5aa235411be3b,6097,osasco,SP,-23.528657120890372,-46.78008729261214
2108,cca3071e3e9bb7d12640c9fbe2301306,14940,ibitinga,SP,-21.757225105309477,-48.82954113566027
2109,788e857f317e53de488d393e65a80f45,8280,sao paulo,SP,-23.56045865590503,-46.47376405348434
2110,d51e0a403fe2e689ece6c73359d96e12,17580,pompeia,SP,-22.103580419439698,-50.17867874736704
2111,b080809eaacb49e5ca07290981472431,30431,belo horizonte,MG,-19.934772144298034,-43.966537732495695
2112,7f7b8245c336066a1f9933c359f11d77,13800,mogi mirim,SP,-22.4375731994598,-46.96584837430503
2113,8648b1e89e9b349e32d3741b30ec737e,12308,jacarei,SP,-23.303988636373703,-45.96290537909097
2114,d50d79cb34e38265a8649c383dcffd48,8290,sao paulo,SP,-23.553410678569314,-46.45223989564777
2115,f214d28e8d8e3ef068748498ccc2f813,3872,sao paulo,SP,-23.512536098010052,-46.50106533228126
2116,717b78b0950b51ed00b1471d858b0edc,18220,alambari,SP,-23.561571066058445,-47.88510054852834
2117,aa2640d851ec322526f1295bbeb20092,1156,sao paulo,SP,-23.529824028545978,-46.66481438631
2118,ebd2d60905fb58271facef5596b620d3,18683,lencois paulista,SP,-22.601734251486832,-48.80743512982648
2119,efcd8d2104f1a05d028af7bad20d974b,16012,aracatuba,SP,-21.21205828352812,-50.40393374679228
2120,6562efe88ce0826a4ca4f189f03b4b84,87005,maringa,PR,-23.442792206208914,-51.927898622241756
2121,400f221ab83037c0ea78f1267da9624d,17700,osvaldo cruz,SP,-21.7957025544846,-50.87915583052284
2122,530ec6109d11eaaf87999465c6afee01,85807,cascavel,PR,-24.945647177421424,-53.488007697416926
2123,a5259c149128e82c9d6d46e0c1c812bb,76900,ji parana,RO,,
2124,f543ba3c973276f519d89d59bd46cead,15030,sao jose do rio preto,SP,-20.797383204591434,-49.38821938306211
2125,89f69225956f951295ca4c7fb1266553,27700,vassouras,RJ,-22.407485158693497,-43.667737631511045
2126,8b11118053756a9a2932f447e11fc1b5,17350,igaracu do tiete,SP,-22.515924338254298,-48.562778163060145
2127,6bb62a4912377c7bfe7cb17b406bc7e6,13215,jundiai,SP,-23.169970961512696,-46.88596793913642
2128,f9d010e39375d9c91dce3f40b73a2f84,12600,lorena,SP,-22.730781607887003,-45.12330835113276
2129,052577151711aec5c744fe12e66db3e1,89136,rodeio,SC,-26.88983786768032,-49.351067910160765
2130,0adac9fbd9a2b63cccaac4f8756c1ca8,13290,louveira,SP,-23.085405581209343,-46.959424958120955
2131,269cff2d3c8d205c11f37a52402ea93b,15803,catanduva,SP,-21.128825822130022,-48.99329081911958
2132,402916f742e5c740cc751493d9cf5053,39740,guanhaes,MG,-18.775096730678435,-42.930895108387176
2133,443d880f15cbd3572885e1d44bf2c478,17506,marilia,SP,-22.203799397664323,-49.95908104094501
2134,6d22a1fcebb6dd08c9cd90b92a93e8d0,89215,joinville,SC,-26.333852572178206,-48.89995267794863
2135,04aba03279157f6d4e0fe8ccaf21963c,28470,santo antonio de padua,RJ,-21.551315444920792,-42.19349435503209
2136,b39d7fe263ef469605dbb32608aee0af,14940,ibitinga,SP,-21.757225105309477,-48.82954113566027
2137,ca77545ca4d2dfd1431bf61334e2fa3c,87020,maringa,PR,-23.412214003111593,-51.94229746103029
2138,36890be00bbfc1cdb9a4a38a6af05a69,6040,osasco,SP,-23.570114125673562,-46.78347230405049
2139,7b0df942f46435babab05d49b744b2c4,12924,braganca paulista,SP,-22.882228371476057,-46.53105029961274
2140,f26d70155c2b6326fcfa1780c8c684e4,89150,presidente getulio,SC,-27.04966605884905,-49.624007664207404
2141,42fb44130ac3134cde8e35cf8ec7df25,12995,pinhalzinho,SP,-22.781091054145445,-46.58921978019893
2142,dd9661d3cda1e6feb237f0c4d8b26f2e,89620,campos novos,SC,-27.3988764260652,-51.224358387361825
2143,f27e33c6d29b5138fa9967bcd445b6d5,4273,sao paulo,SP,-23.604361130941584,-46.613632470274545
2144,55d3daac7c404d59e51c2aa2f4dc5a23,2150,sao paulo,SP,-23.493870259160932,-46.5685686435051
2145,659e8466eb3ff1b0e8740d74fb7bbedd,45820,eunapolis,BA,-16.373725032450256,-39.58684330519009
2146,1c40343cc5d18c2d8248ac2f3366de34,13482,limeira,SP,-22.580155851571575,-47.429198989185565
2147,e3a386fc36e22064434e1fa256f6a9fa,13165,engenheiro coelho,SP,-22.488836738837342,-47.20945249793251
2148,c9aafcd0621b2207c10e32c649cada4d,8011,sao paulo,SP,-23.495406351132136,-46.44676043718337
2149,72431a818f97fe6ab9c81eee3e297e54,13390,rio das pedras,SP,-22.84264928186807,-47.607205969278304
2150,184a67a8f9f63234d3a92340bbdb727f,89220,joinville,SC,-26.270819595706428,-48.88179128442035
2151,9fe7c6641c79970ab48185498f547c09,3147,sao paulo,SP,-23.595656288599855,-46.57107839699092
2152,08ad4ac1388e4420ca531c3edfc46198,6663,itapevi,SP,-23.558145688107825,-46.93939804122542
2153,6fc26fe110feebd80a433e1f012a84f9,15601,fernandopolis,SP,-20.29281787362197,-50.25454143673469
2154,2f4b9d112bfa44a214bc6cef085d17c8,29600,afonso claudio,ES,-20.07574348228112,-41.12398951608696
2155,ab27bbbad5239bc31a34709275a70db4,18279,tatui,SP,-23.335303275214653,-47.849581250322196
2156,c37b2059d4f90d4feead554e5246565e,5170,sao paulo,SP,-23.48361817912618,-46.7478961540968
2157,f43827dd686be3a4a80e00aa299990fb,15055,sao jose do rio preto,SP,-20.79459985083278,-49.36490474869798
2158,e601b04acf48b4576e73ddca9481f0dc,4476,sao paulo,SP,-23.70699627887841,-46.624746847374944
2159,98dac6635aee4995d501a3972e047414,2030,sao paulo,SP,-23.506515186887075,-46.624707405813375
2160,3d39fbf22a665714baf62fae36029e23,13040,campinas,SP,-22.93763668231932,-47.06109818534649
2161,a49928bcdf77c55c6d6e05e09a9b4ca5,3017,sao paulo,SP,-23.53670120880797,-46.61036369745704
2162,b12cfd255810394b60caef18ae163547,85810,cascavel,PR,-24.951250475573683,-53.46694211941984
2163,a1bea7061f61f6fdd9a85a6325ba1033,6311,carapicuiba / sao paulo,SP,,
2164,3c88ed2e76a2247933a15daa7161eb1c,13154,cosmopolis,SP,-22.634052512738325,-47.17773153495897
2165,51ed72984a04e5dd35c2b27e77179038,15050,sao jose do rio preto,SP,-20.789193174836686,-49.372737468496176
2166,3ac588cd562971392504a9e17130c40b,13480,limeira,SP,-22.5707186648412,-47.403071398313244
2167,606ce7768feac12c5e8bd58db8b08f0f,13084,campinas,SP,-22.823953297868176,-47.08652122166763
2168,6879c4d287a8dd06b11f54ea8f78e4da,6186,osasco,SP,-23.533929111792485,-46.812902180538124
2169,ccbd753e6863fe7314dc6c0ca5a074e7,89046,blumenau,SC,-26.932628210906813,-49.14175776153391
2170,0d85bbda9889ce1f7e63778d24f346eb,38414,uberlandia,MG,-18.921033755735365,-48.3299075304387
2171,4c61e37f664c3c88aff092aa5ac779d7,24020,niteroi,RJ,-22.893526345367377,-43.12042124242032
2172,b44dbfbf62e52125f3c15d230569ea91,4251,sao paulo,SP,-23.625404819369283,-46.597298163415516
2173,d624126b9206f595fb3fbb6ba03b28a8,80045,curitiba,PR,-25.42462684918724,-49.25382259847708
2174,26d8a1c7c75d513045798992ead43aa2,86800,apucarana,PR,-23.554566729736628,-51.465841909757266
2175,e6a69c4a27dfdd98ffe5aa757ad744bc,4424,sao paulo,SP,-23.68720821262538,-46.64051102503589
2176,6bd69102ab48df500790a8cecfc285c2,4293,sao paulo,SP,-23.62129636802078,-46.61538673668285
2177,f181738b150df1f37cb0bd72e705b193,6317,carapicuiba,SP,-23.52585357351439,-46.84615758254524
2178,4305fe92735c8a43d154ff6dd2b8d927,35170,coronel fabriciano,MG,-19.50674249694519,-42.62849774464592
2179,4f1f1c8666cdb6442f775c4e8caed465,30240,belo horizonte,MG,-19.93105159619724,-43.91810818948971
2180,7dea6f73af847b42cc3985bd620f994d,85813,cascavel,PR,-24.937061639621106,-53.451391196429455
2181,a0a14e50070f3225b3eabba5b85da517,81900,curitiba,PR,-25.53953847774269,-49.278339102416304
2182,bd4889b5e9133b35b66e42a8665cea5c,2963,sao paulo,SP,-23.501717646864925,-46.691001918522105
2183,0b3f27369a4d8df98f7eb91077e438ac,7412,aruja,SP,,
2184,d5c530f4884a75ae0dba9c148718d278,35660,centro,MG,,
2185,5ab05b6d86d417796c69ffd6774ec832,19815,assis,SP,-22.655722612185563,-50.395888149743534
2186,d4d99b60c4c94cd35acd502cec65dc8d,4904,sao paulo,SP,-23.673466639973785,-46.73819645709853
2187,9de4643a8dbde634fe55621059d92273,89225,joinville,SC,-26.249667078860003,-48.80825827248247
2188,3be634553519fb6536a03e1358e9fdc7,8275,sao paulo,SP,-23.571812416712156,-46.479613760433885
2189,b906dd0e57f282c7089171b6ed07982e,87083,parana,PR,,
2190,ed46f1eb4a638113deb2a1137b5f22e9,89080,indaial,SC,-26.903361930819962,-49.24303812228617
2191,c8025364abeecb115431bf95c11a747f,90630,porto alegre,RS,-30.0433149729081,-51.19565692297972
2192,04308b1ee57b6625f47df1d56f00eedf,88215,bombinhas,SC,-27.15729033482312,-48.50553197897088
2193,457fe919b032a3f7dadba6fb92cf7855,13140,paulinia,SP,-22.76911631574366,-47.151318595545135
2194,f3055483058c84d75ca2a3314fb4deef,40368,salvador,BA,-12.947165479710161,-38.491795869117794
2195,0ac4201fda2c68ebc0e47cb9423cf3c9,3345,sao paulo,SP,-23.571284285528797,-46.56363341248867
2196,a2b5b6105ea5942300631d2e76f4ffe0,6283,osasco,SP,-23.51422154074311,-46.76772717581829
2197,23d7c96d4a1160db1c726b248601b25a,13360,capivari,SP,-22.99744091346275,-47.505905037131605
2198,e883aa812c37a7413226856f4579fe91,6696,itapevi,SP,-23.523296991854217,-46.94165317619033
2199,86bb7c4b535e49a541baf3266b1c95b1,14401,franca,SP,-20.528262370114636,-47.38709863765947
2200,cb810bd318f51b3dc3c753944d61a1fa,24240,niteroi,RJ,-22.89692411752633,-43.09814631761048
2201,c0563dd588b775f2e37747ef6ad6c92c,9220,santo andre,SP,-23.624060894767467,-46.53616062396538
2202,820cc752a266cdc6c1a1e61dd4583330,87050,maringa,PR,-23.43089558269375,-51.91815458314278
2203,e5475dcab1e07b63d7f6e902d8f5eda8,9921,diadema,SP,-23.679461948913705,-46.612680063834866
2204,333c4210e76a1aa2ab817b99437e3ff1,13880,vargem grande do sul,SP,-21.83523840264715,-46.89933155386077
2205,aded58c8142dedc5494a81f948431fab,22051,rio de janeiro,RJ,-22.972546641501282,-43.19044769403565
2206,33a6f4b1e7cdc205511e76ba1b6e0186,7084,guarulhos,SP,-23.429453011960295,-46.54951006386265
2207,91f848e9f4be368f4318775aac733370,3029,sao paulo,SP,-23.530027831192616,-46.61797165039588
2208,7a67c85e85bb2ce8582c35f2203ad736,3426,sao paulo,SP,-23.552409841779216,-46.53644749772723
2209,55029529919c0123526150bd26ca8f20,32280,contagem,MG,-19.94666055708167,-44.05776509044413
2210,b372ee768ed69e46ca8cdbd267aa7a38,15013,sao jose do rio preto,SP,-20.81643356662751,-49.36903278084997
2211,d20b021d3efdf267a402c402a48ea64b,14940,ibitinga,SP,-21.757225105309477,-48.82954113566027
2212,cf6f6bc4df3999b9c6440f124fb2f687,4937,sao paulo,SP,-23.68595130850959,-46.76132385426784
2213,a3b42d266fa8afc874b909422ce88582,14620,orlandia,SP,-20.716812271345667,-47.87993055003899
2214,d63c73efd41eb002280e7ec831424edb,13405,piracicaba,SP,-22.70848467746202,-47.664918458117526
2215,dc7192adf8ba09569261f4a8d576afe0,18401,itapeva,SP,-23.97410141597346,-48.870696016414755
2216,0ea22c1cfbdc755f86b9b54b39c16043,35700,sete lagoas,MG,-19.458110967354493,-44.24812806575352
2217,be8e909810184b9b19e886129149d8e5,13418,piracicaba,SP,-22.724749879138603,-47.63023129704402
2218,269c5fc9fcadee614364c3620c30a1f9,7140,guarulhos,SP,-23.42985130927547,-46.49793467210024
2219,bbaff50f3b708fda865918715276cd87,12940,atibaia,SP,-23.114660872419602,-46.55304457385195
2220,3b18f9856c6eb2413eafedb58e9eecd9,9280,santo andre,SP,-23.64018633909982,-46.51579477294924
2221,db2956745b3a8e9f3785c99f34b5d25e,11600,sao sebastiao,SP,-23.77410660039297,-45.5277394866304
2222,8fb791022c1fc8909664f48ab7dc636d,3976,sao paulo,SP,-23.61215210848815,-46.4978874812321
2223,232a6014e7b10cba61c6c2b2ea6bb4b0,16500,cafelandia,SP,-21.804909632167895,-49.603755720307745
2224,6614814a00d344b846ae209f95ee7e3f,17290,macatuba,SP,-22.514469160938607,-48.717086726954214
2225,59cd88080b93f3c18508673122d26169,11707,praia grande,SP,-24.054663823036208,-46.54274078362004
2226,fffd5413c0700ac820c7069d66d98c89,13908,amparo,SP,-22.72115343228787,-46.84342088032795
2227,712e6ed8aa4aa1fa65dab41fed5737e4,89560,videira,SC,-27.004522453378566,-51.152808530844105
2228,b5abf4f36adc043117b4fca82c22984c,72251,brasilia,DF,-15.788726109287621,-48.12500381972986
2229,6dd7dce75cd55c1ce255dc38d9f0cd46,88137,palhoca,SC,-27.66372078237586,-48.66237898555175
2230,bbe87dce25ba8b38bb61cc7210a3f10b,13870,sao joao da boa vista,SP,-21.973354455696857,-46.794167823801665
2231,99a25c39b28a74d1151c35c18d178292,2236,sao paulo,SP,-23.472527194134212,-46.568472081918365
2232,05730013efda596306417c3b09302475,88813,criciuma,SC,-28.677564957496642,-49.338539527220966
2233,0b35c634521043bf4b47e21547b99ab5,84530,teixeira soares,PR,-25.371752729521283,-50.46082291146616
2234,c35672b10ad50968f567ea3f4b91e877,26551,mesquita,RJ,-22.781351833025038,-43.42551356080703
2235,f5403d3f50089112c4eed37928b7f622,15600,fernandopolis,SP,-20.28377155030961,-50.25023981771481
2236,f435898e493ba0356019a0b1cb8b55b1,81720,curitiba,PR,-25.51337325251226,-49.25569904837941
2237,7adbd3210a7b3cc2235e225eef33574d,2544,sao paulo,SP,-23.48914330865648,-46.66095957961124
2238,d8cf3b6a2151949f930d0252b180ec42,87160,mandaguacu,PR,-23.344907784890545,-52.09881505417327
2239,4ce8b55b4bfa4659184e7becc1fba3f2,83823,fazenda rio grande,PR,-25.659378996732592,-49.30054775973823
2240,5d043cd5512d4bd2f88e5ccdd5736c38,2710,sao paulo,SP,-23.50853507982217,-46.67414086717768
2241,7a073a40a9d3f1fee8bc45670ea1e909,86040,londrina,PR,-23.338785655946975,-51.13612711580655
2242,edb1ef5e36e0c8cd84eb3c9b003e486d,25957,teresopolis,RJ,-22.429967691962695,-42.969981665311394
2243,761681a821d8275bc79f552116d06869,17606,sao paulo,SP,,
2244,3361277dc30b7cccdb0c286b24219756,87015,maringa,PR,-23.428720105380464,-51.958302560417756
2245,519a7aa428f18d125a283cf8c014fdd6,89180,rio do oeste,SC,-27.196062644970898,-49.79692907944875
2246,3c7c4a49ec3c6550809089c6a2ca9370,3804,sao paulo,SP,-23.498856259740943,-46.48325182439697
2247,53b0300ca793f9834cd69c0678d35ee8,13339,indaiatuba,SP,-23.091887333633206,-47.20164061435002
2248,822bad9bc42b51213ba522fe87b7ab5d,88330,balneario camboriu,SC,-26.99272349446266,-48.6319263566894
2249,48162d548f5b1b11b9d29d1e01f75a61,13403,piracicaba,SP,-22.725024463024155,-47.67325392421128
2250,88ef59b51bdaa941d10a853429f2b6ce,83280,guaratuba,PR,-25.888595862552247,-48.58518455198979
2251,1992f8fb6b19fcccd97ca819811e7267,1403,sao paulo,SP,-23.56908612978565,-46.65370758856972
2252,3fd1e727ba94cfe122d165e176ce7967,14802,araraquara,SP,-21.772214519153177,-48.18072354451076
2253,ea4e9ce63a2134743b4a92777437fcdd,88135,palhoca,SC,-27.678358616190256,-48.68819415773257
2254,45a3d05fb00435e52a28859dd03703b3,7176,guarulhos,SP,-23.409887282698747,-46.386349927019474
2255,c3fe93ba3085f92855c97e57f38c8c05,81510,curitiba,PR,-25.467513915768876,-49.24296034791608
2256,9646c3513289980f17226a2fc4720dbd,12215,sao jose dos campos,SP,-23.186552155691334,-45.87192032406603
2257,52a52b9f656520e99716f5bc40f661c8,13573,sao carlos,SP,-22.059969706442732,-47.90328946476746
2258,36a968b544695394e4e9d7572688598f,11010,santos,SP,-23.933825209970077,-46.32933000699449
2259,4b5f66b7adcf57f1ecc0d3c07dd6b177,87025,vendas@creditparts.com.br,PR,,
2260,ec21206b7894c503788a684a7bc822a6,28950,armacao dos buzios,RJ,-22.765682894721756,-41.905804064992154
2261,b1aaae6b66ad3c40f54b389d7ea4bee0,4714,sao paulo,SP,-23.632127543807066,-46.70027668139479
2262,89ad3263c0931c47f976d7c5778e60f6,5127,sao paulo,SP,-23.497456592632282,-46.7391827725215
2263,af4a0e4cfe1d9c26b6712b1be25a72e5,35670,mateus leme,MG,-19.99164906712579,-44.428983099884455
2264,6f1a1263039c76e68f40a8e536b1da6a,3581,sao paulop,SP,,
2265,5f67c6082caacb26e431a7b17940cece,87083,maringa,PR,-23.38848692813225,-51.95474325968031
2266,5721089ba9214e80074f27d5a03fc0eb,1408,sao paulo,SP,-23.56744370824076,-46.661152472431205
2267,1782ce2db72c3dda627d5e7c898104e1,6766,taboao da serra,SP,-23.627780650925576,-46.77850226457633
2268,8160255418d5aaa7dbdc9f4c64ebda44,14940,ibitinga,SP,-21.757225105309477,-48.82954113566027
2269,cee48807215b30a12ca2ca10ffb5f250,11431,guaruja,SP,-23.99570856347507,-46.27849318144357
2270,8e670472e453ba34a379331513d6aab1,36087,juiz de fora,MG,-21.706553546880993,-43.42600506027772
2271,633ecdf879b94b5337cca303328e4a25,4438,sao paulo,SP,-23.67692858649723,-46.669699743347245
2272,05a940b4ecae36cadfd8e93bd9c43257,74305,goiania,GO,-16.694778597059138,-49.29659426094389
2273,da7039f29f90ce5b4846ffc0fcc93beb,9041,santo andre,SP,-23.663444846830824,-46.538826798015876
2274,4c03b9dd4c11ee2cb35c96c49efc9420,13232,campo limpo paulista,SP,-23.211861520675228,-46.76228778069986
2275,a5a1bfcf728ab0e19182959cf0771ee4,13960,socorro,SP,-22.595144429716772,-46.51392941682048
2276,431050a06a317f2b38168dec3dcd2b46,2475,sao paulo,SP,-23.479606433995723,-46.64412691419474
2277,40ec8ab6cdafbcc4f544da38c67da39a,85603,francisco beltrao,PR,-26.046128816908276,-53.05748931244868
2278,ffff564a4f9085cd26170f4732393726,13070,campinas,SP,-22.891405847408386,-47.08249889237933
2279,bede56095ba33c42038fb85f707b8a42,13271,valinhos,SP,-22.972261312334158,-47.01069669868447
2280,bbad7e518d7af88a0897397ffdca1979,1512,sao paulo,SP,-23.553652233871006,-46.62972678022001
2281,a806a4bb063ea7ca6d374eafa50a6058,29161,serra,ES,-20.221594761416554,-40.27551192522555
2282,1b1ae47a313a825a7ccceb8e2e30fa9d,83450,bocaiuva do sul,PR,-25.210396337684813,-49.111863670496135
2283,d9e7e7778b32987280a6f2cb9a39c57d,3304,sao paulo,SP,-23.545629359652146,-46.577951324103445
2284,99a54764c341d5dc80b4a8fac4eba3fb,3273,sao paulo,SP,-23.57754076866483,-46.56017161142005
2285,939f6e231201f26803cb5c3a3d2940b3,17051,bauru,SP,-22.330756663626943,-49.09992673191204
2286,282f23a9769b2690c5dda22e316f9941,31573,belo horizonte,MG,-19.81104805351465,-43.99004372826029
2287,427165bf50f8ca07efc7bdc2bfcf1688,13471,americana,SP,-22.726316942213465,-47.33737056813907
2288,d03698c2efd04a549382afa6623e27fb,45658,ilheus,BA,-14.777996113358217,-39.05722869826037
2289,e21a1e8be4715b0fcfd5385643bc49c4,88715,jaguaruna,SC,-28.631582976253362,-49.02290842795707
2290,1e26c56af8d48424e1df0140a2401f83,13911,jaguariuna,SP,-22.70112262303023,-46.990170993113665
2291,8f119a0aee85c0c8fc534629734e94fd,6440,barueri,SP,-23.511263906450992,-46.85935233439145
2292,fdaaf5bfda82b7b80535610c831b8d09,15015,sao jose do rio preto,SP,-20.821099856901526,-49.37219661471447
2293,b274baf5bbd142410eb2958cf685d684,95780,montenegro,RS,-29.688238317970825,-51.4687297294334
2294,bcc9dd23e2a8bd8267cf92b19304a1b9,14940,ibitinga,SP,-21.757225105309477,-48.82954113566027
2295,751e274377499a8503fd6243ad9c56f6,13097,campinas,SP,-22.84599216878648,-47.02438114436501
2296,1fddcb7b326905d3ad5efe82187db347,2279,sao paulo,SP,-23.46849796207875,-46.58199180959308
2297,b1fc4f64df5a0e8b6913ab38803c57a9,24440,sao goncalo,RJ,-22.827702897871795,-43.055368977394465
2298,4eb61f060e7dcc1d5a80d806c35cc541,5743,sao paulo,SP,-23.612267079909515,-46.754165316599526
2299,1d0646a72178a6fb37ee8082140e06ec,89203,joinville,SC,-26.31341383782751,-48.8567096899768
2300,0ebd97a106433a45a4aebe57c1799778,32240,contagem,MG,-19.959200255929556,-44.05225408838627
2301,63bc58679c44e8a998792119fd7ad23e,5595,sao paulo,SP,-23.581049077285062,-46.742648684177546
2302,101921376b577a4540dc30e9009133ca,13505,rio claro,SP,-22.37919239968234,-47.56584129048367
2303,f0ec78809fe0bc3edb11c9fe5b97b059,4291,sao paulo,SP,-23.61642207080555,-46.612665715037906
2304,6219ba2359cfb97f2e38fd4c321eb309,2110,sao paulo,SP,-23.518042123741257,-46.59586640697127
2305,a7f13822ceb966b076af67121f87b063,8577,itaquaquecetuba,SP,-23.486137655362946,-46.36710748341028
2306,4e8dacf3d38f281ae26c3e0321d92d88,8420,sao paulo,SP,-23.54475053146844,-46.42978488830359
2307,78a4d36f65a019172c6154468831a69f,17018,bauru,SP,-22.361332531510403,-49.05147592068177
2308,c64a2aec32cc408a8a4c6d7c46017f91,95625,imbe,RS,-29.95177407124535,-50.120029990669565
2309,cb162c8eef257253782d245c08d9097c,6419,barueri,SP,-23.476811235974747,-46.885160936868886
2310,fc6295add6f51a0936407ead70c1001d,4101,sao paulo,SP,-23.58338721949785,-46.63531844046652
2311,f0e103c63864d5405b958d984b6e94c9,6150,osasco,SP,-23.56975795010749,-46.81128987174747
2312,5def4c3732941a971cba8fdee992ede1,2113,sao paulo,SP,-23.519942079730782,-46.59094154995905
2313,80e6699fe29150b372a0c8a1ebf7dcc8,83323,pinhais,PR,-25.437777149779343,-49.19383449157267
2314,42ef3192a9ff87a22d1867b74b3ee205,9090,santo andre,SP,-23.6526525266643,-46.53878956334533
2315,a2deecd5398f5df4987110c80a1972a3,5043,sao paulo,SP,-23.52527337976575,-46.69115156227835
2316,9853a239ab7b7ebbdc3a21248d5b8e1f,83602,campo largo,PR,-25.471895715260867,-49.53920709873981
2317,f8e2c1b59cd4225a3e4fd0d013a76b93,14021,ribeirao preto,SP,-21.213754144206057,-47.793281444380895
2318,9c3c24eca51c52b91c1de727d2a2ae06,95020,caxias do sul,RS,-29.16593633566586,-51.178957455433626
2319,f524ad65d7e0f1daab730ef2d2e86196,99300,soledade,RS,-28.827466999674538,-52.50918209337255
2320,aae5953b9edddf14749c0d65d60eb4b9,31035,belo horizonte,MG,-19.89882312396387,-43.91995942778065
2321,c003204e1ab016dfa150abc119207b24,7790,cajamar,SP,-23.404292543448946,-46.8425587213442
2322,5656537e588803a555b8eb41f07a944b,72015,brasilia,DF,-15.838006732451888,-48.053744961955566
2323,503c1de08ae81a2d86f17951b204db55,3725,sao paulo,SP,-23.499856476305904,-46.518582769101165
2324,b8bc237ba3788b23da09c0f1f3a3288c,88303,itajai,SC,-26.91250482701593,-48.67401756827023
2325,7816cd9c5b1238e320545f5bf7eb80e8,14801,araraquara,SP,-21.79081912315189,-48.184614002408665
2326,213fafb0ca06fb3d5886579c2565791b,35700,sete lagoas,MG,-19.458110967354493,-44.24812806575352
2327,404e1ba01358af4cd63f679b2c4d1fa1,36032,juiz de fora,MG,-21.799207479913704,-43.357623101219566
2328,186cdd1b2df32caa72cfb410bba768d3,89295,rio negrinho,SC,-26.255763826836237,-49.520900154058396
2329,de23c3b98a88888289c6f5cc1209054a,5530,sao paulo,SP,-23.576329024256403,-46.71697628438407
2330,fe49ee029e61e789a1f3a5525f57ba8d,6018,osasco,SP,-23.54143288235432,-46.77566859429288
2331,902c99f1ac505c0d18778b61bcd636f7,13840,mogi guacu,SP,-22.3655597541927,-46.9377764567251
2332,94ca168e8bcb407ab85c5da308863027,16250,clementina,SP,-21.560394568460254,-50.44623203444712
2333,82921991ff5b557b045605b8bbf08d49,1023,sao paulo,SP,-23.542261627960233,-46.63128832204523
2334,77128dec4bec4878c37ab7d6169d6f26,2610,sao paulo,SP,-23.480761907689338,-46.6631252405285
2335,4bf658053d453036c70976bccb2c31b2,15070,sao jose do rio preto,SP,-20.817833131545957,-49.36247489247661
2336,e8a85b5f3df47be0984c55fd4064dbb4,71825,brasilia,DF,-15.887628736478696,-48.01717021944074
2337,28f10b1c5e5abb9d4857745bede6147c,4250,sao paulo,SP,-23.620425937628607,-46.59891179539773
2338,48bad451945f5227341793478d6353ea,1220,sao paulo,SP,-23.544536491366085,-46.64614449484188
2339,2a61c271b1ac763450d846849783e922,9175,santo andre,SP,-23.687256277448316,-46.51692587238386
2340,ba6ce6de456f6c11d08c17701ba5c26f,18044,sorocaba,SP,-23.51032527730655,-47.47811880370715
2341,5dceca129747e92ff8ef7a997dc4f8ca,13450,santa barbara d´oeste,SP,,
2342,e1dc0754bada9ee4cfe9713f22f61292,25035,duque de caxias,RJ,-22.75620206776303,-43.30915216166141
2343,39a5005f2605cbdb4f9ac14485cabfd1,14780,barretos,SP,-20.555882958559977,-48.57211600614924
2344,2bf28e311bba65237358230cabac3f15,86047,londrina,PR,-23.347956555370434,-51.167952189980085
2345,0e44d110fa6a54e121cb2c095a77762f,7901,francisco morato,SP,-23.282749472581056,-46.74616839642183
2346,3d871de0142ce09b7081e2b9d1733cb1,13232,campo limpo paulista,SP,-23.211861520675228,-46.76228778069986
2347,bf0d50a6410d487dc97d2baac0a8c0be,13408,piracicaba,SP,-22.671906079924405,-47.69565970429351
2348,51e4e89242cbb846c2deff3dc015650e,96203,rio grande,RS,-32.07530283740465,-52.1547671265533
2349,86ccac0b835037332a596a33b6949ee1,89041,blumenau,SC,-26.914840312458818,-49.1120336307062
2350,c97aa4ee7420f937da13b7f9e2228b99,93510,novo hamburgo,RS,-29.682541122241922,-51.12349408038187
2351,aac51c486b672a9850d59f3e84b1cf88,2752,sao paulo,SP,-23.494139480491153,-46.68302568104247
2352,3340ef1913fb70d28420f6ceb685c339,87040,maringa,PR,-23.413319312129172,-51.90727275881094
2353,76de363de16dacc923eec8daf91df504,89825,xaxim,SC,-26.959496069421427,-52.532287752075156
2354,58b98ccb79873e04eac4357cacc590d9,13043,campinas,SP,-22.934629831946673,-47.041352790036925
2355,fc99f99385ae90f66f01733856fb88c9,18550,boituva,SP,-23.28658218135728,-47.67114211477747
2356,b74d1c09cb380e1d03a6f859c6f4224b,20061,rio de janeiro,RJ,-22.905644929546217,-43.185445085291924
2357,1bb2bdb95f4841f1bba2c0d2cd83d3c9,1257,sao paulo,SP,-23.543773180388683,-46.68761002751506
2358,670c26e0f1bf8d0576271d5cfaec6d2b,87025,maringa,PR,-23.382360759042154,-51.928078277300344
2359,c32fc744b9160ac853450488e3cfea93,14020,ribeirao preto,SP,-21.2003057274864,-47.80256738061809
2360,59de1d4c8c057c2a53acd4ca66531af2,80215,curitiba,PR,-25.44918015206459,-49.25390775475063
2361,e64882b4ef12aee8d0faca4db5b681f4,74210,goiania,GO,-16.694549761673937,-49.27891442723469
2362,1b65c144b17e607c0f37f10bb7dfec8d,89160,rio do sul,SC,-27.214976573187975,-49.63785341695686
2363,15ac3c501e2599e4917316fde5c5669a,4911,sao paulo,SP,-23.679611491764547,-46.740319150314335
2364,f4aba7c0bca51484c30ab7bdc34bcdd1,1031,sao paulo,SP,-23.541357903344544,-46.634942269447954
2365,e0878efa0e0b7e5313ac0b43bc04c081,80230,curitiba,PR,-25.442354162020774,-49.266756042183864
2366,03a2a6dcbe45d639c4dc2a0d24769c40,9340,maua,SP,-23.6714671202407,-46.43059181358115
2367,327b89b872c14d1c0be7235ef4871685,69005,manaus,AM,-3.128827955779232,-60.01731657940687
2368,e9d99831abad74458942f21e16f33f92,3542,sao paulo,SP,-23.531242485228006,-46.51576830281663
2369,a45765f8afb1e594b22bf9e974b46765,2411,sao paulo,SP,-23.475861971513858,-46.62419651063638
2370,dc8798cbf453b7e0f98745e396cc5616,5455,sao paulo,SP,-23.54110763235864,-46.71187547145825
2371,d9cd369bffa979d1634f8e1318bf2f1b,15115,bady bassitt,SP,-20.917201808214948,-49.451017112869714
2372,240b9776d844d37535668549a396af32,24120,niteroi,RJ,-22.883177476982812,-43.09223709353714
2373,70f7e8018e3d46c748c92f026aa2585a,1314,sao paulo,SP,-23.553180873547635,-46.64587626648902
2374,d1e2fe627180431ffda076abb303c56f,25900,rio de janeiro,RJ,,
2375,3f2af2670e104d1bcb54022274daeac5,87240,terra boa,PR,-23.77076250022671,-52.44779388407056
2376,bb3dca718920a4d7ec3cc9ffb025108b,8011,sao paulo,SP,-23.495406351132136,-46.44676043718337
2377,babcc0ab201e4c60188427cae51a5b8b,13660,porto ferreira,SP,-21.867396479393847,-47.47862930181371
2378,eed78ac17f7f795a19a709745f00cd4e,18608,botucatu,SP,-22.86581241535442,-48.461073070014805
2379,a2e874074c877c5a05abae80ad6e488f,15070,sao jose do rio preto,SP,-20.817833131545957,-49.36247489247661
2380,abcd2cb37d46c2c8fb1bf071c859fc5b,78020,cuiaba,MT,-15.603015030827416,-56.10262216378593
2381,1703bc09972dab9782e7a9194943b69f,37165,minas gerais,MG,,
2382,365e445f796710c3431557e85caa25db,4083,sao paulo,SP,-23.613215482780287,-46.661655266543455
2383,0bb738e4d789e63e2267697c42d35a2d,18130,sao roque,SP,-23.531201253991174,-47.13466677725793
2384,3d290fe363c60a77498c1126fd3fb8d3,6694,itapevi,SP,-23.54312778599626,-46.9380035501126
2385,325f3178fb58e2a9778334621eecdbf9,6790,taboao da serra,SP,-23.611120955397535,-46.78726516497931
2386,8c16d1f32a54d92897cc437244442e1b,89023,blumenau,SC,-26.950228171604255,-49.07735979174473
2387,f5a590cf36251cf1162ea35bef76fe84,9720,sao bernardo do campo,SP,-23.714818773658436,-46.55438655343134
2388,61f159ef6da2d441951d2c0efa719362,29160,serra,ES,-20.23619426293042,-40.27185736220107
2389,1e8b33f18b4f7598d87f5cbee2282cc2,2066,sao paulo,SP,-23.507930444268894,-46.606412946771464
2390,59cea8e446d3834393058e7e0666b6fb,87050,maringa,PR,-23.43089558269375,-51.91815458314278
2391,8c5e007d7bd5693fa1386ffefbc99f6c,13347,indaiatuba,SP,-23.13353750872446,-47.226923099668944
2392,1da3aeb70d7989d1e6d9b0e887f97c23,4265,sao paulo,SP,-23.587261733153913,-46.61567625303304
2393,5b67882648febfb6e1225e6ad7164f6b,87502,umuarama,PR,-23.758681645959964,-53.29655313761005
2394,53e4c6e0f4312d4d2107a8c9cddf45cd,13920,pedreira,SP,-22.741070713194695,-46.896738928118715
2395,039e6ad9dae79614493083e241147386,3560,sao paulo,SP,-23.54772917283199,-46.49978583185276
2396,d65f31d2413268e671989503f6cf9993,13160,artur nogueira,SP,-22.570786711814478,-47.165647847939
2397,cad10cc982ab6a391570c211b995c17c,18701,avare,SP,-23.103819999667714,-48.91435005359597
2398,527801b552d0077ffd170872eb49683b,17400,garca,SP,-22.21121761288043,-49.65852295736749
2399,be67f78487e2cecb0d55bc769709e4f5,32419,ibirite,MG,-20.024447031212436,-44.07583182298296
2400,8ca1551acf9832a4cf467bbbac15851f,83607,campo largo,PR,-25.45238081774539,-49.509312964270805
2401,2ea0861cc19e94cad86438c984c52da4,3731,sao paulo,SP,-23.510839057814703,-46.53693463441583
2402,7202e2ba20579a9bd1acb29e61fe71f6,14401,franca,SP,-20.528262370114636,-47.38709863765947
2403,0509040ea3fe50071181bbc359eb7738,31710,belo horizonte,MG,-19.840185204529966,-43.95929820167508
2404,20fd2d2080ed85fa67fad3fcbb2c1813,83405,colombo,PR,-25.364170548301026,-49.192767847427525
2405,2039c5e51785b5dde7cf93ccb3b7be2c,14790,guaira,SP,-20.32282337665916,-48.316494617739004
2406,62de60d81c55c29d76a6bce418b31cef,14940,ibitinga,SP,-21.757225105309477,-48.82954113566027
2407,eaf6d55068dea77334e8477d3878d89e,4660,sao paulo,SP,-23.671295073310272,-46.68142069809584
2408,e89c4adbe7b1d0819dbb636e16461cf1,13347,indaiatuba,SP,-23.13353750872446,-47.226923099668944
2409,2e2f44824ab87a0cb961f68bf4073e7f,82315,curitiba,PR,-25.41253143509924,-49.35700174608959
2410,85ecf03781da592876b7844acc1b729f,3658,sao paulo,SP,-23.528187039733243,-46.500639451436506
2411,5c853bb56f70f4d14218944bae111d7a,6715,cotia,SP,-23.609380378430863,-46.876299476616715
2412,bba74270a87732727b5a3b4fd9ac1c39,32604,betim,MG,-19.951379938201686,-44.19600781109792
2413,e8ff5a6ceb895583033fc2a0f314e3c2,89063,blumenau,SC,-26.796093601813435,-49.08016360039874
2414,835f0f7810c76831d6c7d24c7a646d4d,8030,sao paulo,SP,-23.502996223615327,-46.421896985979814
2415,702835e4b785b67a084280efca355756,36046,juiz de fora,MG,-21.73195313368199,-43.35937056704801
2416,4ea2f12dbe91deeacd2c1e74f069a6e6,2334,sao paulo,SP,-23.484072413541046,-46.61958160481899
2417,a066df7361163e7ddc5d7452dd17448b,14401,franca,SP,-20.528262370114636,-47.38709863765947
2418,bc8c8d665ec4664d286be0d521722b19,4851,sao paulo,SP,-23.72514155907493,-46.66513284657183
2419,5e106d93b717c2682b9383da480364a1,85875,santa terezinha de itaipu,PR,-25.442209106905345,-54.40226536070982
2420,bd4431c1a8dfa744b59e1e2a8bc99b9e,20761,rio de janeiro,RJ,-22.870471022994955,-43.295590995023005
2421,bd4ff04377f974574f7f0bf9d6ce7dde,17370,santa maria da serra,SP,-22.569555909330923,-48.15584254474699
2422,3076499bbc033a927bf4a8a41bcf7fd4,15350,auriflama,SP,-20.684102669129654,-50.55493724664943
2423,010da0602d7774602cd1b3f5fb7b709e,9710,sao bernardo do campo,SP,-23.710102253320027,-46.54961598024937
2424,4d6fb82c629c7a5028bfd973c07b05e0,31525,belo horizonte,MG,-19.825659440273114,-43.97272971558917
2425,5d505d2298ad549e4e4e835562fa0c1e,16200,birigui,SP,-21.29514956103053,-50.34302941703419
2426,5aaa890629f83706d8d9bfecd8377c1c,25720,petropolis,RJ,-22.43170901695717,-43.14098824333932
2427,ad14615bdd492b01b0d97922e87cb87f,88704,tubarao,SC,-28.47638879250021,-49.01303050443123
2428,7df1fc11cc5cbc518b39faa60cf5d67c,79112,campo grande,MS,-20.442031174596437,-54.65570858339411
2429,238fac594e170b59c6d228f5a4f4f1d9,17300,dois corregos,SP,-22.368848115007,-48.38625769731933
2430,29c322e3f09f886f8bacbe91dfbd979e,97110,santa maria,RS,-29.699222136477108,-53.736748730512346
2431,134a288e7de827ec5ec62e3ec9c3a295,3168,sao paulo,SP,-23.554938992290154,-46.59382123184967
2432,33fd411ed63a7c2f9005e3f065d9f85d,98290,condor,RS,-28.207409428992108,-53.48493774473991
2433,edb58a1390adf273840030a3d6253829,13414,piracicaba,SP,-22.689997593544668,-47.63910910297066
2434,1e8c6a4c538f286aee9573239740a4b4,13251,itatiba,SP,-22.995634968916317,-46.83608364559848
2435,07de60b03d150fb3ea09eab5da5e4c8b,14940,ibitinga,SP,-21.757225105309477,-48.82954113566027
2436,f1ce5fdecd64935c28b9ff932751d0dc,6539,santana de parnaiba,SP,-23.465862744675967,-46.885335137472076
2437,ede2977fbaf3738583170735ca403f6c,80010,curitiba,PR,-25.433877726445818,-49.269706605651876
2438,03bd479e1d9484cdb14104d3023f7321,38401,uberlandia,MG,-18.891518053893716,-48.290565303056724
2439,31e60bf8d103ce47932a85f5562deb16,74590,goiania,GO,-16.61218451115015,-49.296680323182144
2440,83645b1645cdee8953ee54c29ceed564,85875,santa terezinha de itaipu,PR,-25.442209106905345,-54.40226536070982
2441,bdae679a9b282249bc23b9b69dae9a99,72210,brasilia,DF,-15.806921504835838,-48.10625036065846
2442,5cf13accae3222c70a9cac40818ae839,38700,patos de minas,MG,-18.595302332676653,-46.51889278067045
2443,a247197e2e9c19a6a53a6888cb8b660f,15056,sao jose do rio preto,SP,-20.775882689867178,-49.33789056573563
2444,249f0e9905a6e06ad6c6bea7547ab9f6,20950,rio de janeiro,RJ,-22.904024634141066,-43.2563981779052
2445,96804ea39d96eb908e7c3afdb671bb9e,38950,ibia,MG,-19.491614224901433,-46.546834339393996
2446,cd233f8bfa30ebfd651f47ee7d054951,16208,birigui,SP,-21.244883680727135,-50.32219195367088
2447,3986c0b54f6b748b75e7bd4e092aa3e5,80250,curitiba,PR,-25.443863613477347,-49.27654380419806
2448,5563732abe64c3036cb97ad924128dd1,7192,guarulhos,SP,-23.45223772766551,-46.50635273368247
2449,51f108f62cb87d61918159902c8f8583,85801,cascavel,PR,-24.958865574594334,-53.46271849373341
2450,134b867a0f7f8bbe6abf10f91874891e,13272,valinhos,SP,-22.951325444734987,-47.001585317467736
2451,57c764b4a836300be881e2ff86e449f9,14021,ribeirao preto,SP,-21.213754144206057,-47.793281444380895
2452,2fa13c8bd5705d279f7ed5cc9ec61c68,4679,sao paulo,SP,-23.67425897199825,-46.68170919584307
2453,e627629ba868740e287800f1a9be81c2,1421,sao paulo,SP,-23.56299434774946,-46.66057974356472
2454,c72de06d72748d1a0dfb2125be43ba63,46430,guanambi,BA,-14.222684441945244,-42.78246951871409
2455,8d79c8a04e42d722a75097ce5cbcf2ef,61658,caucaia,CE,-3.767264248472272,-38.65566655949054
2456,8060d731897e33b5c5ae575ce1e209e1,89052,blumenau,SP,,
2457,4c4d546adf3c3868fe19c9ec6e9ffda9,87013,maringa,PR,-23.422673496778934,-51.93830505084821
2458,5a9c0859cb00fd8aa4db443837f0a700,89650,treze tilias,SC,-26.998813334686947,-51.41216589862984
2459,cecd97bc34ed8330bd4cd15713eda670,89819,cordilheira alta,SC,-26.986050003869995,-52.60342430950939
2460,9c3a1c416c765687bc79a04113269929,35547,carmo da mata,MG,-20.55968379790145,-44.86920190758276
2461,8ae520247981aa06bc94abddf5f46d34,88370,navegantes,SC,-26.890554601735612,-48.655216397462596
2462,ac3508719a1d8f5b7614b798f70af136,92030,canoas,RS,-29.919178160744405,-51.14516373810683
2463,15cd6eefe58588619aaed41dfa6621b1,35400,ouro preto,MG,-20.39040558078619,-43.505816230713535
2464,4a3ca9315b744ce9f8e9374361493884,14940,ibitinga,SP,-21.757225105309477,-48.82954113566027
2465,478bfe564db21eeb44386606aa30b650,33600,pedro leopoldo,MG,-19.612568564306933,-44.03975812098612
2466,6d988d6174a2c27441597174f8905515,87070,maringa,PR,-23.413051340506644,-51.98143170542052
2467,ed49da7cadefc454d6a67de249eab240,5571,sao paulo,SP,-23.593828322352664,-46.78325095741114
2468,6f892e20a171e98efe17fdb971ff319b,8270,sao paulo,SP,-23.561239859298666,-46.46144116203684
2469,4bfc7a4a1cf8d4d2121c27422d9e50b5,3111,sao paulo,SP,-23.561666604304786,-46.60308490056805
2470,acadd4d36859671cb635527c6c977533,14270,santa rosa de viterbo,SP,-21.483448896972753,-47.36866478744313
2471,034b9387752bfa309f350a70cd45ffa3,89036,blumenau,SC,-26.918300548123838,-49.093990357995004
2472,a1ed30492b3b798bc121845bc4aa7366,4708,sao paulo,SP,-23.629950425583953,-46.69226953235904
2473,abbf6046bbdf1028606a5bc7f00c99e7,89820,xanxere,SC,-26.876128004253125,-52.4040402615388
2474,901b460cdce0c64e471230d7f2f9f3a3,90620,porto alegre,RS,-30.05035121000744,-51.201287819540866
2475,81ed90f07c0bacb7594940ba2ef676aa,35500,divinopolis,MG,-20.140739463230393,-44.88335564137159
2476,11eac105f3f90a9b87b19c89d91e24f3,7411,sao paulo,SP,,
2477,0725b8c0f3f906e58f70cbe76b7c748c,7023,guarulhos,SP,-23.47773926540746,-46.54186292119741
2478,d1a5cc844736958c11b8efab9a2b4c87,80310,curitiba,PR,-25.456890207293227,-49.309771575335844
2479,f35becee938e982bd615edf8ef12bcfb,19160,alvares machado,SP,-22.076441468274673,-51.46645099953352
2480,634964b17796e64304cadf1ad3050fb7,21840,rio de janeiro,RJ,-22.869154961874504,-43.468633832959675
2481,6624bc09786f0e41ae48dfc5eeb1a9e2,30390,belo horizonte,MG,-19.992644268647023,-43.96666833151284
2482,54219883e72aad869adfb2a54b7bfa0f,18060,sorocaba,SP,-23.491733513286565,-47.47028798630024
2483,5795aebfe331fbcd02a2c4b679fb7952,88132,palhoca,SC,-27.649493009771376,-48.679569507395335
2484,6e2d3e2dc84fb30f6078f39dd3bddd6f,83408,colombo,PR,-25.36831577022268,-49.18400502665359
2485,3078096983cf766a32a06257648502d1,13720,scao jose do rio pardo,SP,,
2486,014d9a685fd57276679edd00e07089e5,87015,maringa,PR,-23.428720105380464,-51.958302560417756
2487,656591be56071d4c9ef4e5fee78a578a,9180,santo andre,SP,-23.692329481072832,-46.523613723699945
2488,26562f211dd1364af2a8596dc945e8ae,9785,sao bernardo do campo,SP,-23.710036266882298,-46.54160790700001
2489,bccf933e006e9b94a6184af782963e77,19806,assis,SP,-22.655407551662456,-50.42568305325905
2490,12c2ed9cded6138cf0c75f525f565fc7,11709,praia grande,SP,-24.079084410812687,-46.5902318366599
2491,961dff0a659b4561334372337dd897d9,21510,rio de janeiro,RJ,-22.842181140181292,-43.3541265170946
2492,b33e7c55446eabf8fe1a42d037ac7d6d,14850,pradopolis,SP,-21.359603054951133,-48.07429596000015
2493,2235cf78d3e2073a88146a9cb60f0dd0,4547,sao paulo,SP,-23.59791281894492,-46.68371487948707
2494,218d46b86c1881d022bce9c68a7d4b15,14070,ribeirao preto,SP,-21.113101536321572,-47.79095808895756
2495,08d1c9478fb0d7d7fcac9c0da4e82fc7,31110,belo horizonte,MG,-19.904659467905173,-43.93695309487866
2496,dfc475d54e1b6dbeeb7d7d9bdaa63827,81460,curitiba,PR,-25.540495203987334,-49.335401809862425
2497,813348c996469b40f2e028d5429d3495,13206,jundiai,SP,-23.21162596977583,-46.88060609905364
2498,c394e193cda3b4225ff2094d32184849,4104,sao paulo,SP,-23.576146503501942,-46.63843936116352
2499,2745f798279e0ed033addcc1474776d7,3106,sao paulo,SP,-23.556179616285934,-46.61486273505464
2500,6b803197e03abd5056b4313306b4f29d,1123,sao paulo,SP,-23.52896417334392,-46.63648868582247
2501,bafc5aa11e413978be29040f51342e70,30130,belo horizonte,MG,-19.931996557590267,-43.93228112770117
2502,44717f64ec2a457979cf83c429077666,98780,santa rosa,RS,-27.96600257421719,-54.386384964062046
2503,b7cc6c5e001441ae8cdd5c69a480cbe4,89520,curitibanos,SC,-27.291210360795045,-50.577437374288365
2504,af7cdac9d9897cddead9c6b08976c642,18500,laranjal paulista,SP,-23.049655735476897,-47.83730315679704
2505,b3e2faf2c1004d674f16a3aa3197f0e1,14093,ribeirao preto,SP,-21.17638486319844,-47.74325744650473
2506,670a9dda115b5a88b18cfadee8de2332,14096,ribeirao preto,SP,-21.20253730501825,-47.77767099981078
2507,3b15288545f8928d3e65a8f949a28291,14940,ibitinga,SP,-21.757225105309477,-48.82954113566027
2508,3e35a8bb43569389d3cebef0ce820f69,3124,sao paulo,SP,-23.570820951544093,-46.591201794903306
2509,81783131d2a97c8d44d406a4be81b5d9,18015,sorocaba,SP,-23.502351815244957,-47.43176875148676
2510,29e6e05b65f93bc224c644319dc52ecf,36010,juiz de fora,MG,-21.76439998967105,-43.34581160427038
2511,cce6ab8d1682639fe45ab70234f1665f,81020,curitiba,SP,,
2512,e1643dff33666ca629e3644c02738179,3182,sao paulo,SP,-23.56034168785381,-46.59057353342592
2513,76623fde66e6b63b59440fd34160512d,7124,guarulhos,SP,-23.433756618856698,-46.5313962034081
2514,5275ca25d0358ca73864e0ae41be1320,7024,guarulhos,SP,-23.478592986067778,-46.537453194800975
2515,eb4df17aed01d918c65f0f8d650900c0,13140,paulinia,SP,-22.76911631574366,-47.151318595545135
2516,10089e9f2fd0c668a8fd4e52e1698888,15061,sao jose do rio preto,SP,-20.810152040852717,-49.34910675351193
2517,c398bc00a606d33758afd91f4e64fd15,21740,rio de janeiro,RJ,-22.885515132422853,-43.38779179961218
2518,2f09f7d37a97956d11cc1a7cadd5262b,14090,ribeirao preto,SP,-21.1800560363759,-47.78824384329166
2519,e58a5b390e28abc0b216cfb0e07d27d7,22640,rio de janeiro,RJ,-23.00059747552253,-43.33044228581327
2520,f41ce2e25237f9092cd8e6e7516c7a2f,7013,guarulhos,SP,-23.47269510194392,-46.52614416334941
2521,8e6cc767478edae941d9bd9eb778d77a,38442,araguari,MG,-18.64497831307153,-48.20519323318797
2522,028872bfa080090a9d0abd4f1af168f8,33940,ribeirao das neves,MG,-19.81336908367492,-44.02835431665506
2523,1710c3aaa9c6b44ec3883ee0fe300e21,9551,sao caetano do sul,SP,-23.624037466417946,-46.55259068012266
2524,52d76513f0c4d97f3b99570e2c94ee31,93348,novo hamburgo,RS,-29.674679875770952,-51.14700717524534
2525,dace965ca58120f92f8d742a9fa1864b,14015,sao paulo,SP,,
2526,f5b44895715ddfe3087dc414f30268f3,18017,sorocaba,SP,-23.49206728098309,-47.41096819655652
2527,c8467937e403e76a8ee9f0ab13f6f5ef,37704,pocos de caldas,MG,-21.7931927406084,-46.56597969414346
2528,56f413900b5166ab4d730e9ac0b12cb0,18076,sorocaba,SP,-23.464038706314106,-47.47154944122775
2529,3f8034bfc6b8b4135534975d49f04c63,81560,curitiba,PR,-25.486532584216913,-49.217763951927225
2530,4992e76a42cb3aad7a7047e0d3d7e729,3334,sao paulo,SP,-23.55360429648508,-46.572699909977054
2531,265fdc289dffa9f1ad801c74f7d0de47,15155,jaci,SP,-20.884314634454388,-49.57184637092642
2532,0afccdb8a34ee5c79f7c06faf2b4d56e,38400,uberlandia,MG,-18.912969558770403,-48.27858279814565
2533,02dcd3e8e25bee036e32512bcf175493,32310,contagem,MG,-19.938619666644325,-44.03850141077246
2534,c9e5ad1f6647f5dbd1172adf6ae3cada,90240,porto alegre,RS,-30.004084656598458,-51.196596723240546
2535,02a2272692e13558373c66db98f05e2e,20040,rio de janeiro,RJ,-22.904933281478332,-43.17740835288146
2536,f783a638e9c6af4a7d0dbfde811e7a81,3063,sao paulo,SP,-23.53397745742167,-46.568964432252464
2537,0b18d63d0cd1d723567903fd34a07df2,5141,sp,SP,,
2538,3ef37b7ca6dd2b80bd8af81a62504996,1452,sao paulo,SP,-23.57907503551299,-46.689503801938685
2539,dd4d95ba2d15c071e6c695e2ef6ce169,29315,cachoeiro de itapemirim,ES,-20.847194704601023,-41.15815029554319
2540,7bb8fac2913a6064ec412e583c6d8b4d,17017,bauru,SP,-22.34747705204817,-49.059813395341386
2541,86649b1632b1c0e6c0bcb2c90a8b75d8,85884,medianeira,PR,-25.293829054458563,-54.09563648634323
2542,8dd386be0767c330276ea6a3f96532d3,88490,paulo lopes,SC,-27.978665492288254,-48.68271760811336
2543,deaadd805612bf94faaa9fa702516e11,5756,sao paulo,SP,-23.624193637520868,-46.75481554557224
2544,5e063e85d44b0f5c3e6ec3131103a57e,5302,sao paulo,SP,-23.530889300633103,-46.72676280340454
2545,6e4f5ff6b086632ba8dcb558fb10249e,95270,flores da cunha,RS,-29.03613785421223,-51.18319995780463
2546,117cfc326c6d50da67ca858ff5c0c852,25530,sao joao de meriti,RJ,-22.806135896469105,-43.389962966103404
2547,d25aa0aaacb370e912f8cf6efeba38b3,89108,massaranduba,SC,-26.60877921690227,-49.000830281288955
2548,c0e6839516f5398edc34adf5f1d53d1a,11430,guaruja,SP,-23.994068349698175,-46.28541195429359
2549,119c7f1a00ef43fad0e57604e76a747c,2614,sao paulo,SP,-23.47253842376252,-46.65582609451813
2550,2953ce3a88f5e3c3b696d77fc9e4c8eb,4270,sao paulo,SP,-23.59195930795921,-46.61376175718872
2551,bbf9ad41dca6603e614efcdad7aab8c4,60348,fortaleza,CE,-3.7177259829806575,-38.599369266067065
2552,d7b2377bae6ace1b11fc69a11900ac36,2415,sao paulo,SP,-23.474269990746688,-46.63208894868723
2553,57fe6232e67823593374a2281d7a8af8,13360,capivari,SP,-22.99744091346275,-47.505905037131605
2554,4da0e408c99d2fdc2126dc9fce518060,86300,cornelio procopio,PR,-23.18125600296227,-50.649125030812165
2555,8b28d096634035667e8263d57ba3368c,12243,sao jose dos campos,SP,-23.201079449905485,-45.897317196620946
2556,82cb9f452fe8334df74b22d37824b431,95013,caxias do sul,RS,-29.16276050147047,-51.20337214099811
2557,9bc484c87d79cd4874e05ca182658045,2422,sao paulo,SP,-23.470975663172084,-46.63692273734331
2558,c6218512d16fcac0af02fe92691cf274,32315,contagem,MG,-19.94114514851027,-44.04168485965468
2559,d17f467e4bf608a510c20d82f4ba3b6b,95098,caxias do sul,RS,-29.19036876744486,-51.187301518744995
2560,4371b634e0efc0e22b09b52907d9d469,2028,sao paulo,SP,-23.50838452747137,-46.61790481942746
2561,1b45169b635ef59425637e9a33eb5fb3,87050,maringa,PR,-23.43089558269375,-51.91815458314278
2562,bd23da7354813347129d751591d1a6e2,3971,sao paulo,SP,-23.60922285365983,-46.48572756764347
2563,412a4720f3e9431b4afa1476a1acddbe,13060,campinas,SP,-22.93161122848548,-47.11184961438457
2564,7238a95bb63ef7e498389fb863b834a1,13487,limeira,SP,-22.583550377250223,-47.376450374094574
2565,26785a546900236d66f2e4197c211158,8430,sao paulo,SP,-23.52679400118244,-46.423947143036685
2566,b7ed9fb14c8eadb37adb9c45d67ab0fb,12331,jacarei,SP,-23.273325272420823,-46.06533519238015
2567,a0d7fbb07bb5ebc3b05980e750db56f3,8500,ferraz de vasconcelos,SP,-23.544891489710274,-46.366195178529786
2568,10264f60a8f0a4d2f30810f5c661c673,13090,campinas,SP,-22.887702368976925,-47.03879517360688
2569,35857757f553273b1056c1cabdace7fb,14020,ribeirao preto,SP,-21.2003057274864,-47.80256738061809
2570,538caafddff204241cecbf3a02e6b3cf,4516,sao paulo,SP,-23.60413022617966,-46.66985052595532
2571,913fd0ebba70bb919f7254a02239173c,89065,blumenau,SC,-26.871686477257118,-49.10396542093535
2572,b2eecf5ea250510da76590ca79d60e5d,3318,sao paulo,SP,-23.544249175057775,-46.56460659787589
2573,1c742ac33582852aaf3bcfbf5893abcf,30668,belo horizonte,MG,-20.00007329788159,-44.02846472996928
2574,8f2ce03f928b567e3d56181ae20ae952,5141,pirituba,SP,,
2575,4d9fea3499bdc22aa4da4e339365f215,4209,sao paulo,SP,-23.58856922786244,-46.60052453319433
2576,d4e12e7884759a14fa0f5f896c791cae,2242,sao paulo,SP,-23.48767811980452,-46.5979818292258
2577,e24fc9fcd865784fb25705606fe3dfe7,12913,braganca paulista,SP,-22.96081452397949,-46.52464391637506
2578,5882f40daf39bc2a465e0cb453ddc222,5616,sao paulo,SP,-23.58886990339766,-46.71949358583291
2579,26e2c91ef821e1ff8985f408788fe35b,14940,ibitinga,SP,-21.757225105309477,-48.82954113566027
2580,53336f97ddbe53e2a617d07b17447b95,3461,sao paulo,SP,-23.569901050335485,-46.525603362405285
2581,fec8cd45395b3cb0c2b173d7739706a1,12270,jambeiro,SP,-23.259270282062154,-45.69715444045324
2582,e116c7455dd26a4d8c3e92532583905f,1140,sao paulo,SP,-23.52008175145086,-46.66952753362924
2583,900ba814c251a692506d7834c1218441,13328,salto,SP,-23.169408844433008,-47.34135214727532
2584,afe0067131b73e40875c9b6c10bd2e21,35590,lagoa da prata,MG,-20.02433949201126,-45.53711101921905
2585,542917da124346b47ea1ac79a93ce454,82560,curitiba,PR,-25.3852218631217,-49.246443951744745
2586,35b96509602ec4b7da831b5cd73ff2c2,93040,sao leopoldo,RS,-29.769401560640837,-51.12977504978675
2587,4a23adac87cf538689fa600d976f78b2,4537,sao paulo,SP,-23.592666686382003,-46.67693678566503
2588,85cc55e048b6bcc90c75afe7f0e72f72,27345,barra mansa,RJ,-22.54458803544428,-44.17691617383248
2589,2009a095de2a2a41626f6c6d7722678d,15025,sao jose do rio preto,SP,-20.806072151507887,-49.388594200701824
2590,3a52d63a8f9daf5a28f3626d7eb9bd28,71900,aguas claras df,SP,,
2591,e9b6c33b71b67737693b4cfa68341c8d,3009,sao paulo,SP,-23.535911095649645,-46.620415794707746
2592,c458e2045a8aa8964f8879af03fdcce6,9572,sao caetano do sul,SP,-23.64230306107079,-46.562849852683044
2593,6601ee6383e7f452be71929f8de48bbb,14027,ribeirao pretp,SP,,
2594,5a4236931428800e9d9cc04af0987118,2916,sao paulo,SP,-23.494974984185845,-46.713094394763715
2595,258447aad3f7b01e2643c89f64dc5647,87210,cianorte,PR,-23.658321480377154,-52.59025752194806
2596,8a32e327fe2c1b3511609d81aaf9f042,2443,sao paulo,SP,-23.473097038955075,-46.647502261357104
2597,0f519b0d2e5eb2227c93dd25038bfc01,14940,ibitinga,SP,-21.757225105309477,-48.82954113566027
2598,d7d517afce974cd491b8d52bb5b5b1fc,3508,sao paulo,SP,-23.535926540749966,-46.53209663462287
2599,ec5c1d94df153d473b37f880977ae58e,21320,rio de janeiro,SP,,
2600,31561f325664a8a7aba4c8d0c3a9b3db,3287,sao paulo,SP,-23.59542953841768,-46.53298714806162
2601,70c4eedec9cb4a85cda2f3f9673557b4,1208,sao paulo,SP,-23.538168206343475,-46.63891762206498
2602,4fb41dff7c50136976d1a5cf004a42e2,44002,feira de santana,BA,-12.253808874130758,-38.967661614726445
2603,d23019c84ffae2d5ef2270367b8605fc,86073,londrina,PR,-23.28167333943978,-51.1893083797421
2604,ad8ada0ffa993cb1197d102d9ab21a3e,38445,araguari,MG,-18.642530565247423,-48.178098829327006
2605,ce20a2ec1514c25e16f2b5b39bc818f0,5186,sao paulo,SP,-23.43447805803728,-46.75100441733174
2606,0f94588695d71662beec8d883ffacf09,88037,florianopolis,SC,-27.60041569015608,-48.50657416694583
2607,3a79f35a2344ede41af21267f61d5ec6,13040,campinas,SP,-22.93763668231932,-47.06109818534649
2608,b586cd24c010a13916af621b0325fbba,89164,rio do sul,SC,-27.223812252103684,-49.66018781729602
2609,2075d8cd4dd63ff12df0749a5866bb06,80010,curitiba,PR,-25.433877726445818,-49.269706605651876
2610,0d83f8e03188682112cc0d93523705cc,91150,porto alegre,RS,-30.004383697817307,-51.11830891370757
2611,85044848b1b767db2a4a58526adef4b4,6018,osasco,SP,-23.54143288235432,-46.77566859429288
2612,c3251e13f1bbda6c74e37c160f991e19,13660,porto ferreira,SP,-21.867396479393847,-47.47862930181371
2613,4a1f694197d05fe70026b016a7316b41,13920,pedreira,SP,-22.741070713194695,-46.896738928118715
2614,6ebf4eceee4dd9847201c82e77ef8123,23587,rio de janeiro,RJ,-22.922449180782223,-43.629351544096174
2615,0873d9f8f36123f8d910f4760e788cfb,6465,barueri,SP,-23.50398072643377,-46.840983806203525
2616,a44fb5a447105f8469bdf16bf9159f25,91920,porto alegre,RS,-30.111989131508565,-51.24344110420113
2617,dcf3755cefcdc158ad0b7bdde51e871b,96503,cachoeira do sul,RS,-30.023203497537253,-52.91227683006425
2618,4869f7a5dfa277a7dca6462dcf3b52b2,14840,guariba,SP,-21.36347334469748,-48.2295879769369
2619,6bb66d9870c2e01c05655c7ed0e7ee13,4101,sao paulo,SP,-23.58338721949785,-46.63531844046652
2620,1c5e4e49b9079480255b49d50aac1aa9,11030,santos,SP,-23.984935700019548,-46.30290196145685
2621,6a3139c7bf09ece22a4713d956acbe5e,13790,sao sebastiao da grama/sp,SP,,
2622,37515688008a7a40ac93e3b2e4ab203f,17900,dracena,SP,-21.486683807888387,-51.53395507459642
2623,8fec2e460530482132c436cfb5439925,18500,laranjal paulista,SP,-23.049655735476897,-47.83730315679704
2624,1746c1ae87ac63d530c7c943d0ac42e2,6501,santana de parnaiba,SP,-23.444194425336605,-46.91524681442221
2625,afac9f6b0c4e5f0a7ee87e922cd0f873,17047,bauru,SP,-22.338163676937604,-49.04305652294653
2626,3be5841cdcc46de4ed3f9116f104b2c5,6473,barueri,SP,-23.482955853134488,-46.86527846584713
2627,0249d282d911d23cb8b869ab49c99f53,5676,sao paulo,SP,-23.591098863942964,-46.699916817510285
2628,23ca5f678e0b3ea6c630b30fa8bf51ea,2839,sao paulo,SP,-23.477930147489534,-46.682875772700214
2629,5eeb9c756d9780b96283e5a2ac6da334,14010,ribeirao preto,SP,-21.179728044300994,-47.808569828204064
2630,25be943a321c8938947bdaabca979a90,9725,sao bernardo do campo,SP,-23.704305914494135,-46.55683830488157
2631,818d28f936e791926d33bcb6ee94ef79,4141,sao paulo,SP,-23.610007655953368,-46.63389506822476
2632,bfd938b22bc99bce1ae60dc602889f52,22775,rio de janeiro,RJ,-22.965097551656015,-43.3806326301091
2633,c12b92bf1c350f3e6bf88d3596219c86,17400,garca,SP,-22.21121761288043,-49.65852295736749
2634,97e995629983723d11830a829bc2b246,12604,lorena,SP,-22.731390847870596,-45.10903005137411
2635,ffa6adafb71b807dc13159e26431354c,86030,londrina,PR,-23.294755687321185,-51.129265207444654
2636,080102cd0a76b09e0dcf55fcacc60e05,31140,belo horizonte,MG,-19.894843460746237,-43.93159802389798
2637,5a6a02f419701fc8c605af71d4fc57a4,13465,americana,SP,-22.743732016682234,-47.33644932093533
2638,94b9108d4b637ba65bb4f1e53cfcf8d8,7221,guarulhos,SP,-23.471009789665654,-46.47396233721791
2639,0fe2d9733ed841eb064503920015a8c0,19906,ourinhos,SP,-22.98492823723261,-49.8818773398412
2640,154bdf805377afea75a3bd158e9eab10,14940,ibitinga,SP,-21.757225105309477,-48.82954113566027
2641,b2ac621f0d0322434d04a12b078b9369,80220,curitiba,PR,-25.456849731896032,-49.264372679633276
2642,9c54608f0996c32ae4743089d915f845,87900,loanda,PR,-22.92958347247877,-53.13574977982756
2643,17306570e772e7718c92a562d33f5f1d,17250,bariri,SP,-22.074148535297056,-48.74036120641809
2644,244c2f1bff6afe1f2eaf9bfe9b2aed38,8832,mogi das cruzes,SP,-23.516913648399584,-46.10417245526518
2645,71039d19d4303bf9054d69e9a9236699,3018,sao paulo,SP,-23.531971140471498,-46.61175227918183
2646,54065e9aef7e9e9c2dc23b7594db021a,20040,rio de janeiro,RJ,-22.904933281478332,-43.17740835288146
2647,7ad41305e96a6cab8294cd65891e9a86,28810,rio bonito,SP,,
2648,25e47381a6c510ddeb36084e33b89f0c,11720,praia grande,SP,-24.008512296465433,-46.460339648888734
2649,4d6d651bd7684af3fffabd5f08d12e5a,17209,jau,SP,-22.27533758592718,-48.54327929077404
2650,24a6daf925d9d591870a66660416de31,14078,robeirao preto,SP,,
2651,f0563bacf40c311f1c4d3d6b67b8a7a7,88704,tubarao,SC,-28.47638879250021,-49.01303050443123
2652,b76dba6c951ab00dc4edf0a1aa88037e,3237,sao paulo,SP,-23.59354704400471,-46.5524190429817
2653,1bc2e21de46adfea6b98cc96b00f3b40,89228,joinville,SC,-26.28029376418527,-48.795939733555265
2654,b1204cfda1d4948679db3cfc0d3cb95c,7170,guarulhos,SP,-23.432884521452223,-46.4384445869608
2655,b4ffb71f0cb1b1c3d63fad021ecf93e1,3880,sao paulo,SP,-23.508323547664165,-46.48543543301138
2656,165b1235e9e9942cb5fae67103576fb0,14020,ribeirao preto,SP,-21.2003057274864,-47.80256738061809
2657,8eb88b0acb3f90a717ad659221471fa7,89504,cacador,SC,-26.77549604706287,-51.03003702523965
2658,9599519be538b98748162a2b48248960,5008,sao paulo,SP,-23.534019134214766,-46.67595091864682
2659,0417b067eeab773d2f7061a726dc477f,89288,sao bento do sul,SC,-26.23276691027293,-49.4109346746233
2660,c26ba52cf8d2f34915f2f6b7ffa0a3f3,21510,rio de janeiro,RJ,-22.842181140181292,-43.3541265170946
2661,e5cbe890e679490127e9a390b46bbd20,1041,sao paulo,SP,-23.54405267064933,-46.639868053701385
2662,974cf2cb8f4b7add98709c30df02fe10,14802,araraquara,SP,-21.772214519153177,-48.18072354451076
2663,3c487ae8f8d7542beff5788e2e0aea83,72460,gama,DF,,
2664,4a3ccda38b2129705f3fb522db62ca31,17504,marilia,SP,-22.21370564570741,-49.95856640080167
2665,876182d1918783bbe15233febfbd4926,4208,sao paulo,SP,-23.591622620237775,-46.60128535918828
2666,33576ec5412fb5905d876f12f33bfde6,80040,curitiba,PR,-25.41822522296414,-49.248798846155545
2667,5b85809efd0d0e4dea1a9544e1280ed9,19020,presidente prudente,SP,-22.113253636657355,-51.38664598110609
2668,5566627eab3fe93fd6ee08798226101a,83005,sao jose dos pinhais,PR,-25.538660307043344,-49.19925314739302
2669,e504a4e2efaa45cbff7e268a2c58c956,13520,sao pedro,SP,-22.551291200877785,-47.906285220400285
2670,056b4ada5bbc2c50cc7842547dda6b51,26379,queimados,RJ,-22.73788920032876,-43.56388058206742
2671,1e483cc5c76fef08d3ca05f9a8af7d01,2929,sao paulo,SP,-23.49293749749755,-46.7063253522346
2672,9b1050e85becf3ae99c1cf4934c9bc5d,39400,montes claros,MG,-16.722630163952992,-43.86290975751636
2673,b248792ac0b60ec3f93d80af1b4fae47,9560,sao caetano do sul,SP,-23.632900785937903,-46.554207655344015
2674,34056b8b55c1775a22af2331670a799c,16304,penapolis,SP,-21.436868237358755,-50.07688367496227
2675,21d59342ba150175ca2aa4f8faddeca6,8593,itaquaquecetuba,SP,-23.471925036949354,-46.31104225923635
2676,23c38debaffe4a25a30fdbd9b586a13f,18110,votorantim,SP,-23.54224720522475,-47.456753042329744
2677,d9c349beabc06aa6ff1c6d68b5e9e22e,3586,sao paulo,SP,-23.55606098185177,-46.48888123812452
2678,49f8d2ea7b718d0ce587d34207caf2b4,9830,sao bernardo do campo,SP,-23.793283464435838,-46.540222357051036
2679,bd1d49a326abfa9b1036772e40445430,17017,bauru,SP,-22.34747705204817,-49.059813395341386
2680,6861de0f40cacb0602e473c51639f980,80420,curitiba,PR,-25.437665503745563,-49.282161231577675
2681,c9c7905cffc4ef9ff9f113554423e671,6871,itapecerica da serra,SP,-23.72427347571645,-46.85709533617381
2682,aa17b35ce4de7b565be3249ba838944f,13214,jundiai,SP,-23.156531920736555,-46.916209680278264
2683,0887a9f087bcd5d9f6642b52f897fc6c,11990,cananeia,SP,-25.009420830269473,-47.93181141423232
2684,abc015ebac1d283a323ca9db35ede4b9,14055,ribeirao preto,SP,-21.157133534916987,-47.82461663412514
2685,00720abe85ba0859807595bbf045a33b,7070,guarulhos,SP,-23.452256080258973,-46.557355801351626
2686,75d34ebb1bd0bd7dde40dd507b8169c3,41820,salvador,BA,-12.98275505328576,-38.45727196442355
2687,e5e33c0d8e7e002f398f5dc4cbbb338f,17032,bauru,SP,-22.32237655179478,-49.02911455199251
2688,8f54d64f28a993550aa7943f12572959,35160,ipatinga,MG,-19.498595174677757,-42.545674045289736
2689,91f5779a8731baca4809fdeade81803f,27321,barra mansa,RJ,-22.52448809097114,-44.18396243189698
2690,13074f016982ff2bd6c58ced8682f000,95705,bento goncalves,RS,-29.155565695759474,-51.51330651108968
2691,bec568278124768c474ee90971ca94d1,3553,sao paulo,SP,-23.534146606500983,-46.50666212341547
2692,534a01cc6df1e034e05c32028a291fa2,13214,jundiai,SP,-23.156531920736555,-46.916209680278264
2693,cd3d09fbe6e3e9ff0c0ac0c300e93ae7,13380,nova odessa,SP,-22.779884986748083,-47.30114003246481
2694,57e632711dec9ec14ca7546769483e7e,88372,navegantes,SC,-26.844660566046176,-48.635251678579436
2695,cb3dd9ce66268c7a3ca7241ac70ab58c,3028,sao paulo,SP,-23.527510126774448,-46.61160231404007
2696,094ced053e257ae8cae57205592d6712,14095,ribeirao preto,SP,-21.192080163817028,-47.766445549344525
2697,9906e7aa42a3c067b7c9a564d01c4320,87065,maringa,PR,-23.44502729408997,-51.97763731884844
2698,1f1bb1f0859883505541bdd6606193e5,2124,sao paulo,SP,-23.506046635852453,-46.57711100614267
2699,4200ddf1967c5e41e48db62bc6d4b5ac,9710,sao bernardo do campo,SP,-23.710102253320027,-46.54961598024937
2700,ed9eef5be0992d413d251fadba1a410d,13845,mogi guacu,SP,-22.357079891073667,-46.94951143594177
2701,139157dd4daa45c25b0807ffff348363,3064,sao paulo,SP,-23.53320079558024,-46.567331978074904
2702,c1849d4d32d7a6cecd5aa471809d3135,9070,santo andre,SP,-23.64379660186201,-46.54703342622695
2703,64b87978a11c1ea7501a89eabe8c2c1a,19300,presidente bernardes,SP,-22.009031098270302,-51.55629965272934
2704,33ab10be054370c254ddfcf0a6253422,22790,rio de janeiro,RJ,-23.013945234739644,-43.46302017493874
2705,bff9deb0ec77d437f3305a79cf25529e,13481,limeira,SP,-22.600556474252752,-47.40776690336797
2706,3fefda3299e6dfaea3466ef346a3571a,82620,curitiba,PR,-25.382985420044733,-49.22238807068207
2707,236585a4ddb5fea9fa40233e2249ed91,95088,caxias do sul,RS,-29.195742005601332,-51.16715943293614
2708,499ec63c58e51296c9cf57edcfe1c8a8,2918,sao paulo,SP,-23.496291470987387,-46.715842553892095
2709,6f83d9e4da896daae20b9b6b2d3ff8d2,84925,pinhalao,PR,-23.78999668156914,-50.058311222851934
2710,35ef5aa32949680f627efec3c23e705c,88960,sombrio,SC,-29.10842822273192,-49.635401751693095
2711,403aa86912527d730337ffcb0fb096ab,30220,belo horizonte,MG,-19.939989214985673,-43.91971486511652
2712,ec8463980a4e0ea9f8517aea1ed0c419,88010,florianopolis,SC,-27.59225056706856,-48.552334468502586
2713,c847e075301870dd144a116762eaff9a,38022,uberaba,MG,-19.759676820527172,-47.93917200445606
2714,6c77cd583b36a13aacccf2b3ee23e233,17505,marilia,SP,-22.202953888933674,-49.96849746389739
2715,5ef131ac72773e5b3f6c0d63cf424657,14075,ribeirao preto,SP,-21.140480447590075,-47.791336377389385
2716,6cf476a4ca74498db55cbccdaa9dcfb6,2873,sao paulo,SP,-23.456860578243695,-46.68207773994636
2717,c447f8dd3ed213f291d65ef074a268eb,19802,assis,SP,-22.66954623003338,-50.42694719578163
2718,4736e9d642ef4257cd7622516931eb51,13424,piracicaba,SP,-22.750438499822057,-47.645056873867595
2719,a5cba26a62b8b4d0145b68b841e62e7f,87303,campo mourao,PR,-24.034213365054583,-52.375891773996074
2720,a1bea9970d8f65b240555f99c2214f7f,83323,pinhais,PR,-25.437777149779343,-49.19383449157267
2721,1025f0e2d44d7041d6cf58b6550e0bfa,3204,sao paulo,SP,-23.59522736513074,-46.55991080502282
2722,a5dd1946fb63ada8bcaa0c9cd8f11e22,55002,caruaru,PE,-8.285576731206008,-35.96653442259612
2723,c5f7feb04a6a1fb3596322bfc3cf1917,9571,sao caetano do sul,SP,-23.634289484064837,-46.56542214641912
2724,c3e1abd72a42fe690fcd89cf5720fe29,13840,mogi guacu,SP,-22.3655597541927,-46.9377764567251
2725,891071be6ba827b591264c90c2ae8a63,3872,sao paulo,SP,-23.512536098010052,-46.50106533228126
2726,491a5ada3aa1678414e990262c4bbdc1,4208,sao paulo,SP,-23.591622620237775,-46.60128535918828
2727,84deb808079d1be601c209c1e771b1cc,81200,curitiba,PR,-25.43705336323769,-49.33260673752005
2728,dd58ee93286b0821565574c570e9e1dc,81650,curitiba,PR,-25.49292249440385,-49.235697837206516
2729,9558aa23f77a9e0a0eca83540999f43b,86801,apucarana,PR,-23.55712440333018,-51.48651356500972
2730,3c4e0452bff7a2a788179488d3d77032,83408,colombo,PR,-25.36831577022268,-49.18400502665359
2731,ca5832c6960267b71041f74bb39e8b12,89820,xanxere,SC,-26.876128004253125,-52.4040402615388
2732,668bf321538e5072858eaef6087ce027,83323,pinhais,PR,-25.437777149779343,-49.19383449157267
2733,01266d4c46afa519678d16a8b683d325,80250,curitiba,PR,-25.443863613477347,-49.27654380419806
2734,6c99c983ce3b6ba0ab813e6790e81691,38400,uberlandia,MG,-18.912969558770403,-48.27858279814565
2735,6aa3928696eab49a19a466e665a649fd,26285,nova iguacu,RJ,-22.749026086331007,-43.4578134607704
2736,7d81e74a4755b552267cd5e081563028,4735,sao paulo,SP,-23.642823749414884,-46.69746344343174
2737,f8d5c7085db9a4ad2b8c1ffbeb2798c8,4104,sao paulo,SP,-23.576146503501942,-46.63843936116352
2738,7586919161935337bf6b6d7ff5779648,21921,rio de janeiro,RJ,-22.807763351312744,-43.18668827914072
2739,47f55702f598c7c6cc8458b0fbc1c49a,36213,dores de campos,MG,-21.109888276064485,-44.02314172990817
2740,50a7e551a7b3f8d37cd6e32d8bfbe5ea,9520,sao caetano do sul,SP,-23.608789369942965,-46.57103762229944
2741,ea1776927851da2532aa70d6a32c095a,8223,sao paulo,SP,-23.526793226704864,-46.47148457759051
2742,827f8f69dfa529c561901c4f2e0f332f,81880,curitiba,PR,-25.538362157990186,-49.29305468228383
2743,60ad151920c4f6f3ebbe8cfdf6166779,6322,carapicuiba,SP,-23.530127219664333,-46.83340930449001
2744,59fb871bf6f4522a87ba567b42dafecf,3655,sao paulo,SP,-23.525440163107064,-46.513826089104164
2745,fa74b2f3287d296e9fbd2cc80f2d1cf1,19023,presidente prudente,SP,-22.111149376985235,-51.39931879222068
2746,52454f90d4c30c016768db02f88c1a74,13091,campinas,SP,-22.878785771347186,-47.03013325154267
2747,a1043bafd471dff536d0c462352beb48,37175,ilicinea,MG,-20.941038523807308,-45.827274459571285
2748,3338e7a0710a195872be80e0d2423867,13403,piracicaba,SP,-22.725024463024155,-47.67325392421128
2749,8378eb36b6b70c5734e83ad7b8cdc3b7,88301,itajai,SC,-26.9115588891599,-48.65659341096186
2750,f7df46c1e0ec44eed5c6726478da4a17,93336,novo hamburgo,RS,-29.69415897445576,-51.137664072178644
2751,3fac58ce0ad699020c7944d53c41329c,3480,sao paulo,SP,-23.577874955010813,-46.50676867357583
2752,debe6615cd90cc0c2eac2b8988e1f628,4282,sao paulo,SP,-23.607984848813928,-46.6105462779808
2753,baa49d93c8c8841e27400a300f5d74b2,88113,sao jose,SC,-27.558012397978096,-48.63107543003226
2754,5ca5d579b5857ee8709479b1047cecc3,4176,sao paulo,SP,-23.635554473285765,-46.60372415369294
2755,3b872fd4747f01cc56206f2934198618,14940,ibitinga,SP,-21.757225105309477,-48.82954113566027
2756,a4fc6eadaff1576af888509a53420f6a,9561,sao caetano do sul,SP,-23.63872509082253,-46.556853831114864
2757,7402d13c03a7e91366337cd1de471144,86181,cambe,PR,-23.279497509923228,-51.28316481101169
2758,6e4a902d1054e4e17aa6eab87fac1c75,18090,sorocaba,SP,-23.482617572339922,-47.44782483931695
2759,ff82e8873fba613f2261a9acc896fd84,35900,itabira,MG,-19.630952400538614,-43.22233678919264
2760,92eb0f42c21942b6552362b9b114707d,3504,sao paulo,SP,-23.537887606073213,-46.53824735676983
2761,f125f3a310c2e5f822d116147de1e474,3068,sao paulo,SP,-23.536775022913787,-46.56828077326801
2762,72146da5774cabf2632faedcae097a76,85960,marechal candido rondon,PR,-24.5547836874001,-54.05811531623932
2763,b9c0ffa92f3ff9a5a3d45ef7213c0842,8246,sao paulo,SP,-23.531223143426768,-46.43794618186213
2764,1d139e3a3b14025640d8df1b230aace0,14860,barrinha,SP,-21.190972771076314,-48.15635253001892
2765,883dd81e82754ac2c65e9790a7db8c9a,81070,curitiba,PR,-25.482961231196978,-49.30348234969548
2766,09883d9ab71c8fe8a9bfc7fc3075b07e,8180,sao paulo,SP,-23.491117850111383,-46.421232791628626
2767,2f1e7b90e01d9f086cbcb301c0c3d406,89022,blumenau,SC,-26.94808422697932,-49.07060631706435
2768,6bbcb8924baf70b7fe2fe2097e8cd407,89031,blumenau,SC,-26.888718831182473,-49.10205768057602
2769,8e4f041ff58e7845456d3482524014b3,90250,porto alegre,RS,-29.981476087044808,-51.1902743918443
2770,0ec28cec4046a4a199b6de9b4c891d97,74110,goiania,GO,-16.681443317096377,-49.26882217686883
2771,5debea795b07621e1f90532e18f96145,86800,apucarana,PR,-23.554566729736628,-51.465841909757266
2772,2709af9587499e95e803a6498a5a56e9,3813,sao paulo,SP,-23.48892132924012,-46.4702209306399
2773,bd43e172d599bed47a85da877172ca8c,89280,sao bento do sul,SC,-26.24942142375419,-49.379869606187114
2774,725c32fa80c2faacc4fc88450d27314e,3320,sao paulo,SP,-23.54598692126348,-46.56255100854813
2775,850913d59ce317156b00f3705f1c3edb,12942,atibaia,SP,-23.122872841153153,-46.560744672488156
2776,7354220fb240bde543b3c40c060d41e7,71215,brasilia,DF,-15.80922996052223,-47.9204408545572
2777,e8b3a3a38279a82f0e5d006d5e5b7d2c,87230,jussara,PR,-23.622698527759667,-52.470204759109286
2778,b17b679f4f5ce2e03ce6968c62648246,14090,ribeirao preto,SP,-21.1800560363759,-47.78824384329166
2779,43a1d4bab73b816e44ef4e4facd9f9b5,87050,maringa,PR,-23.43089558269375,-51.91815458314278
2780,dd264199fc8b687ad029de7de6d760e6,85815,cascavel,PR,-24.93399065232731,-53.423760438286656
2781,67225bff54a172ff67579aaf583efd78,85960,marechal candido rondon,PA,,
2782,baeda7047354773262ba2405f97038ba,13471,americana,SP,-22.726316942213465,-47.33737056813907
2783,167fd940acebc789debd6eb418c46e38,14405,franca,SP,-20.528419405982003,-47.4112866375386
2784,4ef4c39cf3c24f326434cf0b2e48046a,5004,sao paulo,SP,-23.532753284848486,-46.66526667564551
2785,ce616e1913288884e7742faac9d981db,6711,cotia,SP,-23.60566806568809,-46.83971005687771
2786,a1474fd46fd3430168f7ec202da39408,83321,pinhais,SP,,
2787,1b61fb1f0f2185d89e9a126c498e9cc7,87015,maringa,PR,-23.428720105380464,-51.958302560417756
2788,2ff6b7bff164ef05590a52734e1296da,86060,londrina,PR,-23.3122499402154,-51.175615181435674
2789,e4253cef933647000a82ff39c67b7bde,5856,sao paulo,SP,-23.651600070370993,-46.78417744081363
2790,3a3c180dd702a725bd0ba4117689239e,84600,uniao da vitoria,PR,-26.229436776009745,-51.08455501577345
2791,bce6a5ecf98e99fd2a8868b15c51f04b,7180,guarulhos,SP,-23.45229770888553,-46.476826473050544
2792,ea65d8b58316a6f2362f2a9e4b3e86ad,13030,campinas,SP,-22.924853869284313,-47.07411730856864
2793,686886775c8f6b1191c7b953fb52708c,13920,pedreira,SP,-22.741070713194695,-46.896738928118715
2794,0a85ebe4e328db81ac9109781205e2f7,13205,jundiai,SP,-23.247291749924802,-46.854947296287385
2795,1660ad786c27fd935378b6192a90b417,9891,sao bernardo do campo,SP,-23.68507218628614,-46.5705790591563
2796,0db783cfcd3b73998abc6e10e59a102f,11010,santos,SP,-23.933825209970077,-46.32933000699449
2797,52f9db5cfb423382a2fa5c9e39303202,19830,echapora,SP,-22.42996769973875,-50.205359500684644
2798,f307937c1bb287c3efc2a514b94b0d1d,38183,araxa,MG,-19.59648501419859,-46.93737168072029
2799,e88f7a2995ba184710d339c5c4bf2e30,15505,votuporanga,SP,-20.422788721274443,-49.96680245800396
2800,b76a1f8356322f12529c37b67d5c96c2,11015,santos,SP,-23.95317158734069,-46.318865404010374
2801,4aba6a02a788d3ec81c03137144d9a80,89460,canoinhas,SC,-26.17782757725076,-50.3925025499352
2802,9449f25aeaf531019b76999ea49a6949,21040,rio de janeiro,RJ,-22.85883857480232,-43.25446713856017
2803,431af27f296bc6519d890aa5a05fdb11,14110,ribeirao preto,SP,-21.25891778871869,-47.81857342832166
2804,53088c75f948b48a7ece173ac17f0c12,95840,triunfo,RS,-29.933020760177637,-51.70959659677941
2805,0f80a40c312b2472dca482cf50f5186f,18681,lencois paulista,SP,-22.598966274373478,-48.78768838153368
2806,544863df86ed3b78a04e0820d41430ee,29166,serra,ES,-20.1807075715157,-40.24463143184371
2807,78ef7e885d17f35e2382a47aae8b8cce,96816,santa cruz do sul,RS,-29.695379482822766,-52.44190385334444
2808,0be8ff43f22e456b4e0371b2245e4d01,4461,sao paulo,SP,-23.691669837808014,-46.679403429175785
2809,1835b56ce799e6a4dc4eddc053f04066,14940,ibitinga,SP,-21.757225105309477,-48.82954113566027
2810,2e13c71026e1a39ba5cc1b86dcb679aa,2265,sao paulo,SP,-23.474449734390944,-46.5922615114083
2811,0af2ab31141893d26aca5a404a537dab,3431,sao paulo,SP,-23.551871625336613,-46.535854518723426
2812,13d058e4eeac2ce8217660b2f8a05812,6080,osasco,SP,-23.543707570879505,-46.785291442401004
2813,e00d85ce20ea50c1224c66ca5050527d,6286,osasco,SP,-23.506521243524876,-46.77190834208786
2814,e48b04bf1aa1ef711caebeb7aede6180,80240,curitiba,PR,-25.44914567554983,-49.288997409813966
2815,f67efa3f0b6761102a7f8c6b7b571f5d,82300,curitiba,PR,-25.421130241316682,-49.347456409104595
2816,c273175f7c6c80fb02f051e2fc6d0d72,5849,sao paulo,SP,-23.652813228396795,-46.75622904308464
2817,382229d1e840115ffe3dbf5ff460e417,23092,rio de janeiro,RJ,-22.87371160951457,-43.54017469756297
2818,f09b760d23495ac9a7e00d29b769007c,15802,catanduva,SP,-21.143447427740803,-48.99473317750192
2819,5c243662ce92d84573bfaff24c3e3700,3702,sao paulo,SP,-23.515891988156255,-46.54752258122931
2820,38874e327ce94d11390b96eb42d61928,8577,itaquaquecetuba,SP,-23.486137655362946,-46.36710748341028
2821,ab3e0c171fe84a7ba7de130f19cfb485,86690,colorado,PR,-22.8374989575613,-51.97323788311084
2822,85e7c62c1d6ea078c3897424f867a7c8,88220,itapema,SC,-27.110401692856072,-48.60847754647819
2823,262237171f48e85819065498cac80d7b,88352,brusque,SC,-27.076073922164902,-48.89268806418384
2824,fd386aa7bed2af3c7035c65506c9b4a3,4208,sao paulo,SP,-23.591622620237775,-46.60128535918828
2825,b2f4d63c7203f539a78252565ca32257,28950,armacao dos buzios,RJ,-22.765682894721756,-41.905804064992154
2826,dd5450b022b2d00a2145a66331e1aef6,89208,joinville,SC,-26.343663714777932,-48.832677674350464
2827,ff4e2d38692ce827b1a4f4b8196e680d,3319,sao paulo,SP,-23.544807802300763,-46.56214432296082
2828,7963e546f34e098b578f9ad102494601,5624,sao paulo,SP,-23.596061608061856,-46.72795840640602
2829,1588ac4010787100dddef64568f0ae35,87045,maringa,PR,-23.424744348783822,-51.89580619369002
2830,41c2bad7229b0c25e6becf179ebf63ff,59020,natal,RN,-5.792249490351906,-35.20128455414014
2831,8b655f0855926bcb49f5835d38dfddf6,6192,osasco,SP,-23.52775069712352,-46.80206509671304
2832,a213f1bd6458f4a158f3746cb2514559,87043,maringa,PR,-23.401589654988715,-51.89428565821176
2833,1b7e5006cb25dd23ce8686691013b121,2350,sao paulo,SP,-23.46200835188466,-46.602601424564384
2834,4559697a8f7e637227c2eeaed843baff,19029,presidente prudente,SP,-22.07708974256958,-51.41548624933166
2835,4867209cb29b56b92893d7bde3ce8012,17209,jau,SP,-22.27533758592718,-48.54327929077404
2836,19a7c9f66ffa6452ff4b4c0cca71da27,85880,itaipulandia,PR,-25.150255553559262,-54.30368917147121
2837,6fa9202c10491e472dffd59a3e82b2a3,18030,sorocaba,SP,-23.510380659106602,-47.45951951656533
2838,20d53aad4fe5ee93a64f8839609d3586,37540,santa rita do sapucai,MG,-22.246571164306314,-45.70673437941273
2839,42fa4ee7240e9b8eb4576358ec142ba7,95012,caxias do sul,RS,-29.172757663583155,-51.210401188875736
2840,c8660dcf9ba70575f45d80fe28c27713,2040,sao paulo,SP,-23.49005182126659,-46.62208059819851
2841,253c025bab43881055aeecde5e2d8b77,80620,curitiba,PR,-25.459160510194007,-49.284315543597536
2842,7ecd59e5e20407131822c1a68ac59c1f,70719,brasilia,DF,-15.783643775607336,-47.888393131367046
2843,c026ef0d72e9132d9fa112308090c8dc,20766,rio de janeiro,RJ,-22.864345716497926,-43.28951910674373
2844,0b09101900100c0e9d312861fad5a1b9,3168,sao paulo,SP,-23.554938992290154,-46.59382123184967
2845,e8f6dc8e6a1dcde89d20e3995c8d90b3,3476,sao paulo,SP,-23.572550635114567,-46.51210860791634
2846,128f9bfbe4c7d5185033914b1de3d39a,12940,atibaia,SP,-23.114660872419602,-46.55304457385195
2847,a09a13f18ed27932d08438aa6f12756e,93800,sapiranga,RS,-29.636367935240024,-51.007924339372714
2848,81a1104df0f08b59c68aa5b03cfe398e,83020,sao jose dos pinhais,PR,-25.557250998785545,-49.195541945060825
2849,3f84fefc07dc159b268d4a77d3e8c425,83833,fazenda rio grande,PR,-25.64360550776104,-49.32345949009645
2850,750303a20e9c56b2a6bc45cdce0b897d,74333,goiania,GO,-16.712895291096235,-49.30356889528741
2851,f8db351d8c4c4c22c6835c19a46f01b0,13324,salto,SP,-23.209237618385853,-47.30949579326333
2852,0743a0239d764b9a0f959a57d07e36ab,3138,sao paulo,SP,-23.587210896474122,-46.581531568731336
2853,131fcb0a0c9a47bba4474aacff0f14b7,1201,sao paulo,SP,-23.536025549460852,-46.649724925521895
2854,1838dd9b8977065acf51d95e0053ea7a,30882,belo horizonte,MG,-19.882081449276647,-44.00980929177732
2855,1b8b75e227c9a9c100d0c210fb6176ce,5468,sao paulo,SP,-23.538953659940727,-46.7158640365213
2856,eb1bf309f4f6af9a97e9ddac3fdbeabe,9961,diadema,SP,-23.7026107906644,-46.59639460367373
2857,5d378b73ab7dd6f0418d743e5dcb0bd1,1026,sao paulo,SP,-23.539650455772748,-46.63217613622506
2858,39d54ff918774174706fb065d7f9dc07,4243,sao paulo,SP,-23.62715274013257,-46.58631893075017
2859,353e21e8bf8de2722b4fae1636664b76,92120,canoas,RS,-29.949963892773052,-51.16837995659396
2860,5b33b527da3c5b969cc99dc435cad09a,87702,paranavai,PR,-23.07849660455034,-52.46401043396197
2861,c9d2ba8dde44a275ae06475ed1d2fafc,38400,uberlandia,MG,-18.912969558770403,-48.27858279814565
2862,d149de2f383552baea37a7198c2296ce,4193,sao paulo,SP,-23.648898595337172,-46.608551424753614
2863,bf961104a38e01b9062ee026bb657dee,14055,ribeirao preto,SP,-21.157133534916987,-47.82461663412514
2864,1ca7077d890b907f89be8c954a02686a,6506,santana de parnaiba,SP,-23.419362235092052,-46.95945425697317
2865,89a51f50b8095ea78d5768f34c13a76f,71931,brasilia,DF,-15.836767190430036,-48.03935557583526
2866,3a490ba60afa30ece0e7d50cfe74a4f0,31365,belo horizonte,MG,-19.866199645137197,-44.001264563318145
2867,455f46ef09a9e45667e2981df84b5cc2,18052,sorocaba,SP,-23.5341340282984,-47.50130818131877
2868,651fe66032c9520ee5587f694908040d,94810,alvorada,RS,-30.00614825910578,-51.07955908038622
2869,6d04126aba80df143fd038e711b8fd96,20091,rio de janeiro,RJ,-22.89987738367783,-43.17842285418441
2870,3febca52652e7209509ccfe61cbde40e,8596,itaquaquecetuba,SP,-23.479324999285748,-46.316305586994595
2871,d566c37fa119d5e66c4e9052e83ee4ea,4131,sao paulo,SP,-23.606967621468314,-46.618096741831714
2872,62d977e2b2aee830de3e039a28490d12,80410,curitiba,PR,-25.430247064376182,-49.279328874762676
2873,010543a62bd80aa422851e79a3bc7540,1212,sao paulo,SP,-23.539205180127134,-46.639872610943414
2874,7178e1eaa97257d8b6d4b80efd77a025,18270,tatui,SP,-23.349849548962467,-47.847428957563736
2875,2199e7fe213c16213bf5d6a7eadc9a5d,11900,registro,SP,-24.498655240376014,-47.84564436146152
2876,984c273121e743dd14767befe6cb17f5,13474,americana,SP,-22.705135118681024,-47.29428881880506
2877,2b3e4a2a3ea8e01938cabda2a3e5cc79,4733,sao paulo,SP,-23.63558572382471,-46.69407390599091
2878,feb793c88d836c3a75efa4b5a3465d70,3165,sao paulo,SP,-23.559028785164525,-46.58863454219191
2879,e333046ce6517bd8bb510291d44f0130,18950,ipaussu,SP,-23.055168941127352,-49.62701112282013
2880,5a413ade68e8f8d93071a7f52a64cb9e,3679,sao paulo,SP,-23.519673287753623,-46.48919443660321
2881,5a425cc503b39b262a847fd6212bf53b,86010,londrina,PR,-23.31838335948797,-51.156971259797714
2882,9535a841eecebed61a9fb1ac1cbb5597,1208,sao paulo,SP,-23.538168206343475,-46.63891762206498
2883,8f78f0903005064036736c7173a5c2ed,36325,tiradentes,MG,-21.11012566489478,-44.17422924657657
2884,9803a40e82e45418ab7fb84091af5231,75901,rio verde,GO,-17.806122057987707,-50.91330387930737
2885,43b2c864251aa0ce4030c746984e088a,71936,brasilia,DF,-15.83799416857434,-48.0219201274677
2886,83e197e95a1bbabc8c75e883ed016c47,25900,mage,RJ,-22.65220318123459,-43.06143045177482
2887,17908cf9b444ee34047cadd5c0f4a516,75124,anapolis,GO,-16.35914626611194,-48.966684840659866
2888,17eea220a40cc0d2c0c5346379682398,3565,sao paulo,SP,-23.538935820700964,-46.49428836407594
2889,270297ead4c65a6cd2593960d2af6b21,4696,sao paulo,SP,-23.6694957576974,-46.702229690176075
2890,5f0057b677eb963672bf05dfa3f16c34,1309,sao paulo,SP,-23.555450254380034,-46.658530601357505
2891,8185694b58b2ba6de20fd41ae608bbea,6764,tabao da serra,SP,,
2892,17f51e7198701186712e53a39c564617,3908,sao paulo,SP,-23.582899543421693,-46.506913588514166
2893,2addf05f476d0637864454e93ba673d5,70856,brasilia,DF,-15.761244109092216,-47.879114252264614
2894,b67d6c666e8dce1d078c882825e12704,3641,sao paulo,SP,-23.520821610911444,-46.550216976772425
2895,ead2bab70821ea148476ae9bc08548ac,31980,belo horizonte,MG,-19.85450904632778,-43.91468072279586
2896,fa14641f57b655e933124a9ea49cd7a5,1310,sao paulo,SP,-23.560984899967682,-46.6567838494174
2897,d1582f4043306e6b91afa6a8a884f898,3445,sao paulo,SP,-23.548725069530875,-46.52875521981004
2898,d263fa444c1504a75cbca5cc465f592a,13478,americana,SP,-22.74359315006338,-47.31168498599425
2899,f35b3c613c4f7b2275f4185d0a3c59ec,5417,sao paulo,SP,-23.560560861984733,-46.69065215626407
2900,655220df33262c7e0c4949a147366f94,9951,diadema,SP,-23.68878343738478,-46.59061205890815
2901,ad8b531ae67582f096925cff5630d0d1,84172,castro,PR,-24.793146010158477,-49.99321137719571
2902,499185655c29ecfdbfe776ef7cf875b5,90520,porto alegre,RS,-30.015612339415885,-51.17903534921112
2903,44f091b5abab8018f682fce8124b85e5,2281,sao paulo,SP,-23.451999017651705,-46.5749661038382
2904,7210cd29727d674c00741e5e387b3ccd,3279,sao paulo,SP,-23.585187039978447,-46.541601230484794
2905,f4ce8ca9fa7157e3b33f536ac9a4487d,16306,penapolis,SP,-21.414455705170433,-50.08849218413186
2906,0570350b23eda5444f8d1d9544932058,5104,sao paulo,SP,-23.513891427846215,-46.75612685136612
2907,de9727ca376d1be6ec121b110aa7954c,87114,sarandi,PR,-23.433485115805592,-51.86622008592434
2908,d3891911c2feae53c52fea2bd14054e5,6760,sao paulo,SP,,
2909,70a12e78e608ac31179aea7f8422044b,12327,jacarei,SP,-23.302332000270265,-45.971756527566974
2910,2eeb6531ee027a48d401e72bebdd87d3,12230,sao jose dos campos,SP,-23.226155136599612,-45.88735373043282
2911,c1ed9e3daf6154542826a6996af0fb8c,88308,itajai,SC,-26.923626017228557,-48.69562119205446
2912,d101c6da914ae3d53f7bee42283f2fe2,8072,sao paulo,SP,-23.50101921432462,-46.47711507961667
2913,a00824eb9093d40e589b940ec45c4eb0,18590,bofete,SP,-23.109250411090414,-48.26253534559851
2914,0015a82c2db000af6aaaf3ae2ecb0532,9080,santo andre,SP,-23.6406370302489,-46.54198206645514
2915,808d4348b916efa08e766ebad39f61eb,2336,sao paulo,SP,-23.481044824092013,-46.61724285215513
2916,fb3cfbc8a86f5d7fbb4d36b8df63f60d,21825,rio de janeiro,RJ,-22.89223078994716,-43.469855657877076
2917,80ceebb4ee9b31afb6c6a916a574a1e2,86026,londrina,PR,-23.30872447421649,-51.155375230054304
2918,2d2c62bef4c8ba0dd74e0e228e808539,14096,ribeirao preto,SP,-21.20253730501825,-47.77767099981078
2919,7c51de0ab286204ce75ff42bf7c10d92,88380,picarras,SC,-26.756523350802134,-48.67877748342026
2920,c1d1ebb4745cc43cb6f05e9c8a705c9a,8070,sao paulo,SP,-23.495825266916384,-46.461230311682996
2921,8def3db7f272735afb2ecd03aeca09a7,28035,rio de janeiro,RJ,,
2922,ff063b022a9a0aab91bad2c9088760b7,9171,santo andre,SP,-23.698692091113784,-46.513506207820065
2923,82bd0703a4aefd6b599e5bfdaed378fb,17510,marilia,SP,-22.19711573505917,-49.95230373486624
2924,7fe21dd00d2f4943ae09525efa2fd674,20551,rio de janeiro,RJ,-22.91456473061436,-43.24584028835052
2925,7ab0dd5487bab2dc835337b244f689fb,15013,sao jose do rio preto,SP,-20.81643356662751,-49.36903278084997
2926,12a8eb0f8d1cd3270695bf2a99f55966,4607,sao paulo,SP,-23.6210050907056,-46.67403814781442
2927,beadbee30901a7f61d031b6b686095ad,7097,guarulhos,SP,-23.44679488414376,-46.54151773270278
2928,bc39d8938f90a3a2b98193723ed59774,7791,cajamar,SP,-23.4060491467151,-46.859697193576544
2929,fd312b6bf05efac6c3772d5b52205d8a,18111,votorantim,SP,-23.535022117796863,-47.44008917045724
2930,df683dfda87bf71ac3fc63063fba369d,95180,farroupilha,RS,-29.227431491734592,-51.34805556501256
2931,25cf099de44674fde97473224f9d59ab,6716,cotia,SP,-23.608065798364628,-46.900512257788456
2932,7139dc5186aa238b006e066d8fbab2e4,13901,amparo,SP,-22.70016319177486,-46.77376265635562
2933,d94a40fd42351c259927028d163af842,37443,baependi,MG,-21.960840371079797,-44.88799124145116
2934,406740ee611378a662d274c7d8c43c4a,29056,vitoria,ES,-20.304630394343846,-40.300006883916105
2935,6bd503a8230299c9316fb0f726933927,75650,morrinhos,GO,-17.733108195856715,-49.11374034658263
2936,6576fd3e23c88f0e5d4d23f39bba0542,6766,taboao da serra,SP,-23.627780650925576,-46.77850226457633
2937,0885aaf116795758dfeb5f1032487bcd,8541,ferraz de vasconcelos,SP,-23.52046315868898,-46.3740546723209
2938,6288c69c4ce638e59925e59193f98b16,9010,santo andre,SP,-23.65978303063846,-46.52498222501542
2939,dfc5fb7259bb2b599ca565e6e9448f0f,9780,sao bernardo do campo,SP,-23.71542968159593,-46.53619273980583
2940,41958cbd3335433c8740300e8cd600d5,5051,sao paulo,SP,-23.527428421309914,-46.69668666313515
2941,3a3e46d10f74d8a6ca76e2b538f106a0,2522,sao paulo,SP,-23.504320951502088,-46.65886894125903
2942,2d2322d842118867781fc737e96d59a1,5879,sao paulo,SP,-23.68861720059885,-46.79310888141487
2943,e4fc40017a6d22c46a14ac2e17f87c3e,86702,arapongas,PR,-23.390409473926574,-51.44664465109854
2944,5a9b3bcab695173c820e53934574ae80,13320,salto,SP,-23.202662995615682,-47.29578408617384
2945,2bf6a2c1e71bbd29a4ad64e6d3c3629f,28615,nova friburgo,RJ,-22.324613999551882,-42.51967202993817
2946,7c4618c82226628831613e95e9c22f44,18136,sao roque,SP,-23.54850441141849,-47.13772097159056
2947,06579cb253ecd5a3a12a9e6eb6bf8f47,4007,sao paulo - sp,SP,,
2948,8ab42aa58097fd4668d60cc648225d5f,74150,goiania,GO,-16.69697750135693,-49.267046190943944
2949,4978a02ea9c8be7a9b5480680f40334e,8215,sao paulo,SP,-23.53993019841148,-46.44464537589186
2950,8e29d051f810eb22959ede205b462b9f,15131,mirassol,SP,-20.811510502211757,-49.52890704878265
2951,ccb83a794700270fde70898fe9ff368b,88960,sombrio,SC,-29.10842822273192,-49.635401751693095
2952,612a743d294c27884fb7b80d2b19ba35,80620,curitiba,PR,-25.459160510194007,-49.284315543597536
2953,cb6c9f5888a7a090c75beaf615925792,29100,vila velha,ES,-20.33798223067969,-40.29486802767562
2954,c12d7463a579237ffb9248bd7cff378b,8275,sao paulo,SP,-23.571812416712156,-46.479613760433885
2955,fe701d88b67eaca109dffd464d1be9f9,24900,marica,RJ,-22.920063851687633,-42.836139881019626
2956,46dc3b2cc0980fb8ec44634e21d2718e,22240,rio de janeiro,RJ,-22.935434338375906,-43.18746102675928
2957,fedaedd3ca31d56ab33e92035e4b361c,24310,niteroi,RJ,-22.91111574264508,-43.06931642841957
2958,dbc51f5e45d654ecc16cb68e6817ecea,14402,franca,SP,-20.523403766855605,-47.36423717937426
2959,81f89e42267213cb94da7ddc301651da,19063,presidente prudente,SP,-22.128137793881688,-51.44343812950649
2960,630008e0f062605a415d694489f6f82e,1026,sao paulo,SP,-23.539650455772748,-46.63217613622506
2961,58f1a6197ed863543e0136bdedb3fce2,36407,conselheiro lafaiete,MG,-20.659212123529404,-43.80692696277707
2962,df56d7b40d437f88407c5f78b63bc328,85812,cascavel,PR,-24.949479587662,-53.447691657482814
2963,165fc07beebdcb6190fba8a06db2a449,87015,maringa,PR,-23.428720105380464,-51.958302560417756
2964,0691148aee60ca47977c187804f935ae,86010,londrina,PR,-23.31838335948797,-51.156971259797714
2965,cac876b37d3abcd6bd76caca30277996,85816,cascavel,PR,-24.95151438417008,-53.42496199784473
2966,9ac4f14370b1e24ddc58be041b7f99df,76330,jaragua,GO,-15.751488467305055,-49.33012914894815
2967,70eea00b476a314817cefde4aad4f89a,13250,itatiba,SP,-23.003181943246446,-46.83701025444556
2968,282c7480173bb9c01dd41cc739fec010,4795,sao paulo,SP,-23.669303850549188,-46.70493593893779
2969,c840d3fdbba0790404fdae73d253b253,81530,curitiba,PR,-25.461372104723406,-49.23112375249535
2970,4f40d2ed38d1cc945364a7cd202a82c7,2337,sao paulo,SP,-23.478752207582225,-46.614360537682494
2971,9cad4b68bb993ee401a3c5aaa2bc26dd,16200,birigui,SP,-21.29514956103053,-50.34302941703419
2972,dbbcfe2c8d026742134ac3e28ccde274,81630,curitiba,PR,-25.482640418980733,-49.25452908324422
2973,2fdde51ad3e12f297da656d4fbd5d0b5,89228,joinville,SC,-26.28029376418527,-48.795939733555265
2974,7040e82f899a04d1b434b795a43b4617,1026,sao paulo,SP,-23.539650455772748,-46.63217613622506
2975,83a75eea11694e36e56dd0cb2240229a,13905,amparo,SP,-22.710741441676415,-46.80141027614256
2976,a1544b9ea0b2390e020537d4daa89049,13211,jundiai,SP,-23.18849905660178,-46.91829518765143
2977,b8a0adc91af209270c2c725168eb00fd,14940,ibitinga,SP,-21.757225105309477,-48.82954113566027
2978,20b54c376b794ed028df09a3cd88e8dc,9560,sao caetano do sul,SP,-23.632900785937903,-46.554207655344015
2979,5415337f1863452476d42d9f14a16a61,30840,belo horizonte,MG,-19.890505121470902,-43.999530839762926
2980,e0482f2c769468c3bbcd8a01e09d98c5,2320,sao paulo,SP,-23.451522626817543,-46.5982344589719
2981,3fe7120d6257285ac6a3ce7cb071ccec,35044,governador valadares,MG,-18.885489062980433,-41.94735912197703
2982,7daca0837f033a41a6f3428c18657533,15170,tanabi,SP,-20.62359886255569,-49.652213976522766
2983,d66c305afaec317ebee552073a674429,33936,ribeirao das neves,MG,-19.801814150662487,-44.01449258322599
2984,a5ff20ff766e7f50bd5066f33da14413,5522,sao paulo,SP,-23.592292812296012,-46.73646857862615
2985,adbe70ab2c97442046d393988c8d1d27,9321,maua,SP,-23.64874892366235,-46.43587431302059
2986,74c7dec0a384d8a05950e629bd23bde9,13845,mogi guacu,SP,-22.357079891073667,-46.94951143594177
2987,42bde9fef835393bb8a8849cb6b7f245,71551,brasilia,DF,,
2988,89bc797e2e29667aa035d4368f9b7f92,2969,sao paulo,SP,-23.494433308020643,-46.70954647311943
2989,f9eedec3129e8cc6b6429c42d0808c5b,22793,"rio de janeiro, rio de janeiro, brasil",RJ,,
2990,66922902710d126a0e7d26b0e3805106,31842,belo horizonte,MG,-19.836870783034687,-43.9232408594433
2991,32f1bb9dfa65bc7df5c0d9d95a616be4,4705,sao paulo,SP,-23.62149777548123,-46.694834685759766
2992,05f51e13da97139648b8125c31e5f51b,31910,belo horizonte,MG,-19.868807320783517,-43.92039954994733
2993,c43d924a0f1688ee9fae0efcd6f539d4,20710,rio de janeiro,RJ,-22.908150242149357,-43.27649720007846
2994,91543f9849d68d023e17194926598543,89041,blumenau,SC,-26.914840312458818,-49.1120336307062
2995,3ded4e2d5f135cb103e5949d7263d2dd,37550,pouso alegre,MG,-22.23574717553039,-45.934103229278115
2996,7d456afc660226829370f3173d14520c,8820,mogi das cruzes,SP,-23.50830662238302,-46.148616021079626
2997,1900267e848ceeba8fa32d80c1a5f5a8,14940,ibitinga,SP,-21.757225105309477,-48.82954113566027
2998,4ce6e5f6c52515177e18c1c9361d8677,9895,sao bernardo do campo,SP,-23.7024354146123,-46.5704093524729
2999,157c3e4b42f81ac4a44e8b1ca2fe9876,3211,sao paulo,SP,-23.600353080876868,-46.553895134740266
3000,9fbd5666d8618fa571c4230fafa09bd6,4360,sao paulo,SP,-23.6401396051607,-46.66361476551961
3001,eb9cd5b35d95206585e2185318cb5c61,3064,sao paulo,SP,-23.53320079558024,-46.567331978074904
3002,08d2d642cf72b622b14dde1d2f5eb2f5,17512,marilia,SP,-22.15965734576263,-49.96270466053301
3003,525e75a6fb1454a2325ab1734bcec221,6453,barueri,SP,-23.49708533971969,-46.85104382885813
3004,0e982cff76cc0579f632cea8a0e38c9d,88316,itajai,SC,-26.943897890137535,-48.71972357548887
3005,bc30de0d71bd6260b936a026b5cf7200,13920,pedreira,SP,-22.741070713194695,-46.896738928118715
3006,014c0679dd340a0e338872e7ec85666a,35180,timoteo,MG,-19.546060266145048,-42.64332972238573
3007,78ba5933c21686d1c2f64669c8c459e7,8810,mogi das cruzes,SP,-23.50003745633768,-46.15180912578668
3008,6ee85be3693ed79a8e80718743d80655,3937,sao paulo,SP,-23.586123182764954,-46.49967896119418
3009,63272377184e969942f7fff221be858d,3340,sao paulo,SP,-23.570693648677565,-46.55055381322849
3010,d5ba419e26d246a0719437cf37d9b46d,3437,sao paulo,SP,-23.558798636653467,-46.529320694266616
3011,15aac934c58d886785ac1b17953ea898,29480,muqui,ES,-20.951432735910483,-41.342105694944046
3012,0b36063d5818f81ccb94b54adfaebbf5,89255,jaragua do sul,SC,-26.468402376553673,-49.09304162795098
3013,f789d2c4f2c2eb38fc4373e7a4b35264,36010,juiz de fora,MG,-21.76439998967105,-43.34581160427038
3014,fcf16b7a8697e559f0123190bb30177d,3679,sao paulo,SP,-23.519673287753623,-46.48919443660321
3015,880eda903e719a5f179f7e9fceb3a69d,14610,ipua,SP,-20.445198694484244,-48.01364121673366
3016,7f5e4d5efad7e44b91115dd1decb65f3,12306,jacarei / sao paulo,SP,,
3017,299c89a525fee36c567f4fe72f038100,63540,varzea alegre,CE,-6.793319385870463,-39.2996314021083
3018,87b740daf17b5d1be335a64164ec6842,8615,suzano,SP,-23.548161661113063,-46.29621539486716
3019,d4f91e8be86b38da2ee35bc489645a9d,12512,guaratingueta,SP,-22.779274290695934,-45.20832657779594
3020,eb3071b9f0b0ddaa2df5ea130f09f26b,4281,sao paulo,SP,-23.605907826264836,-46.609110271731566
3021,7b3f6ce5c6c22e9b96e7581ebf0df6e1,13710,tambau,SP,-21.70467272182375,-47.27505184030527
3022,31da954dc0855f2495c6310f70a2f931,13601,araras,SP,-22.37043324741242,-47.38860225795666
3023,63b9ae557efed31d1f7687917d248a8d,13720,sao jose do rio pardo,SP,-21.58555484455619,-46.936817509442626
3024,ef9952469137ff190bacafe117f51537,38022,uberaba,MG,-19.759676820527172,-47.93917200445606
3025,c18309219e789960add0b2255ca4b091,20521,rio de janeiro,RJ,-22.927686296876924,-43.23230922250823
3026,4a82168aaef173cbb6e46ae88728f919,84500,irati,PR,-25.474808632538092,-50.65047330166929
3027,17e34d8224d27a541263c4c64b11a56b,14085,riberao preto,SP,,
3028,e2aee0892199b1d92530e371abd825bf,86600,rolandia,PR,-23.312183546287315,-51.363684692076326
3029,870d0118f7a9d85960f29ad89d5d989a,37708,pocos de caldas,MG,,
3030,eb9267cccc90f1b49c8d2f9887c7dd97,52011,recife,PE,-8.049565362961248,-34.900673584168466
3031,5de1c80811ce7007f62f00d971236c09,88063,florianopolis,SC,-27.68282963942306,-48.49114239379971
3032,ec8879960bd2221d5c32f8e12f7da711,13253,itatiba,SP,-23.003980512503713,-46.824912089657545
3033,586a871d4f1221763fddb6ceefdeb95e,90630,porto alegre,RS,-30.0433149729081,-51.19565692297972
3034,a35124e2d763d7ca3fbe3b97d143200f,4041,sao paulo,SP,-23.60140450989373,-46.64442349791269
3035,9198786624eaeb375793215cad26cfa6,89136,rodeio,SC,-26.88983786768032,-49.351067910160765
3036,fe1b067411b8c5066e962aa146ccee03,19020,presidente prudente,SP,-22.113253636657355,-51.38664598110609
3037,6b9b80d53ba3676eafe60268a810b5a1,31160,belo horizonte,SP,,
3038,a938325a4b357fd23a6a4d5bb126408e,26510,nilopolis,RJ,-22.817016758091704,-43.41660108970175
3039,f1b854361f4e15d5851b494df66f22b2,20020,rio de janeiro,RJ,-22.90757251350589,-43.1724728971518
3040,3d49bfdd1b43a7fe169b3740067acc61,39400,montes claros,MG,-16.722630163952992,-43.86290975751636
3041,9df5750209b83567ec144eb299d7d634,93032,sao leopoldo,RS,-29.77637041301851,-51.13114268695526
3042,3d62f86afa7c73be2628a3be1423f5a0,12327,jacarei,SP,-23.302332000270265,-45.971756527566974
3043,497709c2976a8fa308730a2dec5b0726,9981,diadema,SP,-23.706699179008854,-46.60850846464318
3044,e73bf2cea7fe4b0b4d287a7568ed1099,89812,chapeco,SC,-27.11405190622304,-52.60083729112994
3045,778323240ce2830d68aab11794e00bfb,13600,sao paulo,SP,,
3046,2493dc3f20131696a0ecdb9948051a8d,71065,brasilia,DF,-15.842682609155231,-47.9761168808048
3047,a3dd39f583bc80bd8c5901c95878921e,41342,salvador,BA,-12.902006302347461,-38.40521581820633
3048,4342d4b2ba6b161468c63a7e7cfce593,22793,rio de janeiro,RJ,-22.999729789317982,-43.401028570814155
3049,06df0c10d34e459d9672bc77388742eb,87045,maringa,PR,-23.424744348783822,-51.89580619369002
3050,89757206b887aed36f3e18d858460fea,3121,sao paulo,SP,-23.564194197724223,-46.59809512413558
3051,d8b8f2cf9ff6ba0389072541cb42498c,73813,formosa,GO,-15.550227392289873,-47.32951329377398
3052,3c03b12bab54d8b37d79d914bfdb1aa0,25561,sao joao de meriti,RJ,-22.765551918684597,-43.38338126704856
3053,9d5a9018aee56acb367ba9c3f05d1d6a,74930,aparecida de goiania,GO,-16.766259949405683,-49.339828345947424
3054,f9244d45189d3a3605499abddeade7d5,3029,sao paulo,SP,-23.530027831192616,-46.61797165039588
3055,2b3b9ce054da76a7428df143a567b156,3572,sao paulo,SP,-23.573785901163117,-46.49817175945911
3056,198c7ea11960a9844b544d9bcdca860c,37590,jacutinga,MG,-22.28814535617888,-46.61200126172022
3057,a478c7961d6a992065b24e63b366f90b,89036,blumenau,SC,-26.918300548123838,-49.093990357995004
3058,30c7f28fd3a5897b2c82d152bb760c17,24020,niteroi,RJ,-22.893526345367377,-43.12042124242032
3059,66e0557ecc2b4dbea057e93f215f68d8,4771,sao paulo,SP,-23.681840830726415,-46.712084372354525
3060,be1e9e378700cecaa4ebf71433d7915c,14025,ribeirao preto,SP,-21.194165666073154,-47.81443250085566
3061,21e83881401b92b49fb09a16d3852291,38405,uberlandia,MG,-18.89363429505429,-48.2499149362611
3062,55c96925041a14097b6a7825554f4ad5,2122,sao paulo,SP,-23.511975585665933,-46.583955927376046
3063,918f6fbcf3ab724d805867303e593a1b,13273,valinhos,SP,-22.947229781785992,-46.97772795834099
3064,daeb5653dd96c1b11860f72209795012,31310,belo horizonte,MG,-19.873022266338285,-43.982143211516174
3065,228e4c1a0be164f613d41c24345f9d2c,86360,bandeirantes,PR,-23.111463626349057,-50.37215320905644
3066,5145090ab595c0d0b8557199f5701fbf,82900,curitiba,PR,-25.446202446438072,-49.22397880830331
3067,87e24fc7052259b1f7f607d61c10d8be,5734,sao paulo,SP,-23.62653179330635,-46.74355394682292
3068,d66c11a9572221d92fbb8c4897db5f9b,20770,rio de janeiro,RJ,-22.892963301154523,-43.28602487029122
3069,e2c92f9c1c7746d899d18f2e158bbff7,15054,sao jose do rio preto,SP,-20.786227163125325,-49.35971470880684
3070,ea67327e24487bdfac5fbfa37ea124df,14940,ibitinga,SP,-21.757225105309477,-48.82954113566027
3071,db6a4d4b5f1f5f98820ce6ce2619e2de,2968,sao paulo,SP,-23.479738143602834,-46.707411175823985
3072,1d1bbb8ac1581824986f582583fff01d,89082,indaial,SC,-26.89488315165909,-49.25085636463162
3073,f90f77ef2799a27f80d90c425ca944f7,86020,londrina,PR,-23.312555098328687,-51.167312420308804
3074,bbf4a892cac7b82422baa711dffb8997,82200,curitiba,PR,-25.396869753519095,-49.26584706993788
3075,39f776d2974049026ff531fc42ef2a3e,74835,goiania,GO,-16.723368214291682,-49.27642028393779
3076,c70c1b0d8ca86052f45a432a38b73958,13186,hortolandia,SP,-22.889915000963683,-47.196879790961745
3077,9e6967d3cf386d284251784b18ccb485,9550,sao caetano do sul,SP,-23.61696714959042,-46.551879847021155
3078,747e73c01a4593d4cf60dcf970fd2689,55602,vitoria de santo antao,PE,-8.120572375762965,-35.29683803359362
3079,63704069d9bd3a75c1cf59babe56004a,13212,jundiai,SP,-23.17152225560725,-46.97576668090332
3080,4e2627090e6e5b9fabba883a37897683,31565,belo horizonte,MG,-19.83426177034968,-43.96682567339582
3081,61b18775be84fb700a6b2d0ba097bf66,14808,araraquara,SP,-21.821489039872482,-48.14479939737869
3082,95cca791657aabeff15a07eb152d7841,85950,palotina,PR,-24.28385072395331,-53.83806900158306
3083,dde698c6d0bd24834c586e5111c2bba7,25755,petropolis,RJ,-22.336813037327506,-43.1638225417419
3084,e94b64dc6979b302a5a5be1662c83bb6,6852,itapecerica da serra,SP,-23.70661656786115,-46.85862883693203
3085,15ead3a5037a918ddb520dfe39a3d2b9,36401,conselheiro lafaiete,MG,-20.657543208075175,-43.77608384612509
3086,9d489893ff6af05029671b785f54b998,13613,leme,SP,-22.181588376436412,-47.40443764904915
3087,725af026f869236a8dd0ceb98564d156,35530,claudio,MG,-20.437920263491275,-44.76330196586492
3088,f00f5b35d0abcacbdd863672f4bb2c1a,1238,sao paulo,SP,-23.54260161910778,-46.65451714151215
3089,7bac63f6603d382cc8d0832eb6c100a8,5713,sao paulo,SP,-23.626239436416235,-46.730691283798194
3090,f1fdf2d13186575751aa25876536d85c,5314,sao paulo,SP,-23.53098313427527,-46.736166174784124
3091,98dddbc4601dd4443ca174359b237166,87111,sarandi,PR,-23.447680670148213,-51.87010088654475
3092,f8201cab383e484733266d1906e2fdfa,88137,palhoca,SC,-27.66372078237586,-48.66237898555175
3093,74871d19219c7d518d0090283e03c137,4650,sao paulo,SP,-23.65749937655149,-46.67623613003832
3094,e603cf3fec55f8697c9059638d6c8eb5,96080,pelotas,RS,-31.750845121986668,-52.32276492351769
3095,9e25199f6ef7e7c347120ff175652c3b,12051,taubate,SP,-23.012382777781397,-45.58660526869801
